自治体名,自治体コード,施設名,ふりがな,住所,管理担当連絡先,指定緊急避難場所との重複指定,福祉避難所,想定収容人数,緯度（度：世界測地系）,経度(度：世界測地系）
佐野市,92045,佐野小学校,さのしょうがっこう,佐野市金屋下町10,0283-23-0374,1,,"1,290",36.31094252,139.5812809
佐野市,92045,天明小学校,てんみょうしょうがっこう,佐野市大祝町2311,0283-23-0237,1,,"1,250",36.30914826,139.5767032
佐野市,92045,西中学校,にしちゅうがっこう,佐野市大橋町2026,0283-23-3381,1,,"1,530",36.31468054,139.5618849
佐野市,92045,佐野地区公民館,さのちくこうみんかん,佐野市金井上町2519,0283-24-5771,1,,490,36.31194135,139.5721851
佐野市,92045,佐野駅前交流プラザ(ぱるぽーと),さのえきまえこうりゅうぷらざ,佐野市若松町481-4,0283-27-0005,1,,170,36.31650656,139.5790368
佐野市,92045,植野小学校,うえのしょうがっこう,佐野市植上町1272,0283-23-0711,1,,"1,460",36.30062928,139.5764767
佐野市,92045,南中学校,みなみちゅうがっこう,佐野市植下町1205,0283-23-0869,1,,"1,530",36.29978379,139.5822009
佐野市,92045,旧船津川小学校,きゅうふなつがわしょうがっこう,佐野市船津川町6001,,1,,520,36.27101008,139.5658866
佐野市,92045,植野地区公民館,うえのちくこうみんかん,佐野市寺中町2297-1,0283-23-5421,1,,400,36.30157694,139.576127
佐野市,92045,界小学校,さかいしょうがっこう,佐野市馬門町1539,0283-23-0819,1,,940,36.28547026,139.5991744
佐野市,92045,界地区公民館,さかいちくこうみんかん,佐野市馬門町1510-1,0283-22-0400,1,,270,36.28532417,139.6011236
佐野市,92045,犬伏小学校,いぬぶししょうがっこう,佐野市犬伏下町1983,0283-23-0770,1,,"1,370",36.32429058,139.5990104
佐野市,92045,犬伏東小学校,いぬぶしひがししょうがっこう,佐野市伊勢山町1534,0283-24-2887,1,,"1,060",36.31785193,139.6108716
佐野市,92045,北中学校,きたちゅうがっこう,佐野市富岡町93,0283-23-0961,1,,"2,090",36.3213491,139.5897228
佐野市,92045,犬伏地区公民館,いぬぶしちくこうみんかん,佐野市犬伏下町1798,0283-23-8137,1,,440,36.32235559,139.6019011
佐野市,92045,城北小学校,じょうほくしょうがっこう,佐野市堀米町1156,0283-23-0319,1,,"1,660",36.32406189,139.5802484
佐野市,92045,城北地区公民館,じょうほくちくこうみんかん,佐野市堀米町1173,0283-24-5772,1,,420,36.32494459,139.579946
佐野市,92045,佐野武道館,さのぶどうかん,佐野市堀米町167-1,0283-21-0020,1,,390,36.32114586,139.5824034
佐野市,92045,旗川小学校,はたがわしょうがっこう,佐野市並木町964,0283-23-0178,1,,830,36.32441568,139.549946
佐野市,92045,旗川地区公民館,はたがわちくこうみんかん,佐野市並木町957-1,0283-22-0074,1,,260,36.32500653,139.5506572
佐野市,92045,吾妻小学校,あづましょうがっこう,佐野市上羽田町1369-1,0283-22-3992,1,,860,36.29672755,139.541326
佐野市,92045,教育センター,きょういくせんたー,佐野市上羽田町1134-1,0283-20-3108,1,,360,36.29552184,139.5413676
佐野市,92045,吾妻地区公民館,あづまちくこうみんかん,佐野市村上町9,0283-23-6903,1,,220,36.29580611,139.5402288
佐野市,92045,赤見小学校,あかみしょうがっこう,佐野市赤見町3229,0283-25-0704,1,,810,36.35272579,139.5401082
佐野市,92045,石塚小学校,いしづかしょうがっこう,佐野市石塚町1408-2,0283-25-0314,1,,"1,120",36.35521113,139.5609792
佐野市,92045,出流原小学校,いずるはらしょうがっこう,佐野市出流原町1038-1,0283-25-0324,1,,590,36.36430081,139.5404987
佐野市,92045,赤見中学校,あかみちゅうがっこう,佐野市出流原町628-1,0283-25-0804,1,,"1,340",36.3608915,139.5496496
佐野市,92045,赤見地区公民館,あかみちくこうみんかん,佐野市赤見町3082,0283-25-3014,1,,390,36.35195491,139.5391079
佐野市,92045,田沼小学校,たぬましょうがっこう,佐野市田沼町603,0283-62-0047,1,,"1,350",36.36621911,139.57661
佐野市,92045,田沼東中学校,たぬまひがしちゅうがっこう,佐野市栃本町2287,0283-62-3333,1,,"1,700",36.36390031,139.5798948
佐野市,92045,田沼中央公民館,たぬまちゅうおうこうみんかん,佐野市戸奈良町1-1,0283-61-1135,1,,870,36.37475709,139.5689779
佐野市,92045,田沼地区公民館,たぬまちくこうみんかん,佐野市栃本町2384-3,0283-62-5882,1,,130,36.3627703,139.5767284
佐野市,92045,吉水小学校,よしみずしょうがっこう,佐野市吉水町832,0283-62-0142,1,,840,36.35080851,139.5732688
佐野市,92045,新吉水地区コミュニティセンター,しんよしみずちくこみゅにてぃせんたー,佐野市吉水駅前1-19-6,0283-62-4211,1,,90,36.34755424,139.5772063
佐野市,92045,多田小学校,ただしょうがっこう,佐野市多田町998,0283-62-0179,1,,690,36.38121338,139.5971541
佐野市,92045,栃本小学校,とちもとしょうがっこう,佐野市栃本町1037,0283-62-0152,1,,560,36.36059031,139.5899054
佐野市,92045,栃本地区コミュニティセンター,とちもとちくこみゅにてぃせんたー,佐野市栃本町2047-5,0283-62-6045,1,,60,36.37786741,139.5577182
佐野市,92045,旧戸奈良小学校,きゅうとならしょうがっこう,佐野市戸奈良町1140,,1,,550,36.3985008,139.5708721
佐野市,92045,旧三好小学校,きゅうみよししょうがっこう,佐野市岩崎町1341,,1,,590,36.37994345,139.5712
佐野市,92045,あそ野学園義務教育学校,あそのがくえんぎむきょういくがっこう,佐野市戸室町156,0283-62-3111,1,,"1,290",36.39324807,139.5743427
佐野市,92045,三好生活改善センター,みよしせいかつかいぜんせんたー,佐野市戸室町1183,,1,,120,36.43661524,139.5389019
佐野市,92045,旧野上小学校,きゅうのがみしょうがっこう,佐野市長谷場町499,,1,,550,36.45939816,139.5214648
佐野市,92045,野上基幹集落センター,のがみきかんしゅうらくせんたー,佐野市白岩町486-1,0283-67-1233,1,,180,36.40099366,139.5208718
佐野市,92045,旧山形小学校,きゅうやまがたしょうがっこう,佐野市山形町649-2,,1,,550,36.4008148,139.5182801
佐野市,92045,新合総合センター,しんごうそうごうせんたー,佐野市閑馬町361-1,0283-65-0002,1,,200,36.45530333,139.4655603
佐野市,92045,遠原の里福祉センター,とおばらのさとふくしせんたー,佐野市閑馬町515-3,0283-65-7071,1,,40,36.4546576,139.4672095
佐野市,92045,旧飛駒小学校,きゅうひこましょうがっこう,佐野市飛駒町1497,,1,,560,36.38581464,139.6044403
佐野市,92045,飛駒基幹集落センター,ひこまきかんしゅうらくせんたー,佐野市飛駒町1576-2,0283-66-2002,1,,220,36.40441062,139.6086971
佐野市,92045,葛生南小学校,くずうみなみしょうがっこう,佐野市中町1104,0283-85-2101,1,,680,36.41089248,139.6106164
佐野市,92045,葛生小学校,くずうしょうがっこう,佐野市葛生西1-12-1,0283-85-2040,1,,970,36.40175364,139.6116068
佐野市,92045,葛生中学校,くずうちゅうがっこう,佐野市葛生西3-4-1,0283-85-2169,1,,"1,610",36.42297646,139.6272777
佐野市,92045,葛生地区公民館,くずうちくこうみんかん,佐野市葛生東1-11-15,0283-86-3414,1,,100,36.40245254,139.6138318
佐野市,92045,会沢地区コミュニティセンター,あいさわちくこみゅにてぃせんたー,佐野市会沢町681,0283-85-2069,1,,230,36.40793128,139.6049747
佐野市,92045,くずう保育園,くずうほいくえん,佐野市葛生東1-15-20,0283-85-2119,1,,300,36.43362274,139.5903727
佐野市,92045,葛生あくと福祉センター,くずうあくとふくしせんたー,佐野市あくと町3084,0283-86-4714,1,,510,36.43083198,139.5937933
佐野市,92045,常盤中学校,ときわちゅうがっこう,佐野市豊代町2167,0283-85-3020,1,,"1,140",36.3598796,139.5869285
佐野市,92045,常盤地区公民館,ときわちくこうみんかん,佐野市仙波町167,0283-85-3657,1,,180,36.38579318,139.5375096
佐野市,92045,氷室地区公民館,ひむろちくこうみんかん,佐野市水木846,0283-87-0004,1,,100,36.48640339,139.5434248
さくら市,9214,氏家小学校,うじいえしょうがっこう,栃木県さくら市氏家2491,028-686-6620,1,,1550,36.686453,139.962833
さくら市,9214,押上小学校,おしあげしょうがっこう,栃木県さくら市長久保814,028-686-6620,1,,930,36.714814,139.946636
さくら市,9214,上松山小学校,かみまつやましょうがっこう,栃木県さくら市氏家3496,028-686-6620,1,,150,36.707262,139.969356
さくら市,9214,熟田小学校,にいたしょうがっこう,栃木県さくら市狹間田1702,028-686-6620,1,,900,36.684995,140.00442
さくら市,9214,南小学校,みなみしょうがっこう,栃木県さくら市氏家1061-3,028-686-6620,1,,850,36.663587,139.962856
さくら市,9214,喜連川小学校,きつれがわしょうがっこう,栃木県さくら市喜連川3911,028-686-6620,1,,1400,36.720706,140.025808
さくら市,9214,鷲宿体育館,わしじゅくたいいくかん,栃木県さくら市鷲宿950,028-682-8888,1,,160,36.750106,139.98771
さくら市,9214,河戸体育館,こうとたいいくかん,栃木県さくら市上河戸1824-2,028-682-8888,1,,130,36.773815,140.003131
さくら市,9214,金鹿体育館,きんかたいいくかん,栃木県さくら市金枝1243-3,028-682-8888,1,,160,36.73466,140.049325
さくら市,9214,穂積体育館,ほづみたいいくかん,栃木県さくら市穂積478,028-682-8888,1,,120,36.762246,140.063269
さくら市,9214,氏家中学校,うじいえちゅうがっこう,栃木県さくら市氏家3243,028-686-6620,1,,2200,36.700721,139.969559
さくら市,9214,喜連川中学校,きつれがわちゅうがっこう,栃木県さくら市喜連川5691,028-686-6620,1,,1200,36.73175,140.033021
さくら市,9214,さくら清修高等学校,さくらせいしゅうこうとうがっこう,栃木県さくら市氏家2807,028-682-4500,1,,2400,36.689564,139.965391
さくら市,9214,氏家公民館,うじいえこうみんかん,栃木県さくら市櫻野1322-8,028-682-1611,1,,600,36.685059,139.968571
さくら市,9214,葛城公民館,かつらぎこうみんかん,栃木県さくら市葛城1455-1,028-681-1111,1,,20,36.705627,140.038206
さくら市,9214,早乙女公民館,そおとめこうみんかん,栃木県さくら市早乙女860,028-681-1111,1,,30,36.715256,140.006747
さくら市,9214,松田多目的集会施設,まつだたもくてきしゅうかいしせつ,栃木県さくら市喜連川2489-1,028-681-1111,1,,20,36.737667,140.008799
さくら市,9214,西河原公民館,にしがわらこうみんかん,栃木県さくら市喜連川2965-1,028-681-1111,1,,20,36.733493,140.002849
さくら市,9214,下河戸南多目的集会施設,しもこうとみなみたもくてきしゅうかいしせつ,栃木県さくら市下河戸328-2,028-681-1111,1,,30,36.759939,140.01881
さくら市,9214,氏家体育館,うじいえたいいくかん,栃木県さくら市氏家2730,028-682-8888,1,,720,36.686043,139.968921
さくら市,9214,氏家図書館,うじいえとしょかん,栃木県さくら市櫻野1321,028-682-9889,1,,210,36.68494,139.967718
さくら市,9214,氏家保健センター,うじいえほけんせんたー,栃木県さくら市櫻野1319-3,028-682-2589,1,,150,36.684645,139.967488
さくら市,9214,喜連川保健センター,きつれがわほけんせんたー,栃木県さくら市喜連川807-8,028-686-1088,1,,190,36.723101,140.030847
さくら市,9214,氏家福祉センター,うじいえふくしせんたー,栃木県さくら市櫻野1329,028-682-9888,1,,150,36.686554,139.970254
さくら市,9214,あおぞら保育園,あおぞらほいくえん,栃木県さくら市草川42,028-681-1125,1,,250,36.681757,139.954236
さくら市,9214,たいよう保育園,たいようほいくえん,栃木県さくら市松山796-1,028-681-1125,1,,230,36.700098,140.001166
さくら市,9214,ふれあい保育園,ふれあいほいくえん,栃木県さくら市氏家3263-5,028-681-1125,1,,70,36.705914,139.962404
さくら市,9214,わくわく保育園,わくわくほいくえん,栃木県さくら市喜連川837-1,028-681-1125,1,,200,36.722488,140.031016
さくら市,9214,女性アグリセンター,じょせいあぐりせんたー,栃木県さくら市箱森新田157,028-682-9959,1,,90,36.716043,139.968882
さくら市,9214,かんぽの宿栃木喜連川温泉,かんぽのやどとちぎきつれがわおんせん,栃木県さくら市喜連川5296-1,028-686-2822,1,,560,36.721395,140.01314
さくら市,9214,道の駅きつれがわ,みちのえききつれがわ,栃木県さくら市喜連川4145-10,028-686-8180,1,,230,36.715499,140.032636
さくら市,9214,旧喜連川高等学校跡地,きゅうきつれがわこうとうがっこうあとち,栃木県さくら市喜連川561,028-681-1122,1,,1700,36.721491,140.035079
上三川町,93017,上三川町立本郷小学校,ほんごうしょうがっこう,東蓼沼251番地,285569157,1,,710,36.45984468,139.9381553
上三川町,93017,上三川町立本郷北小学校,ほんごうきたしょうがっこう,西汗1585番地,285569157,1,,680,36.47658985,139.9224865
上三川町,93017,上三川町立上三川小学校,かみのかわしょうがっこう,上三川4594番地,285569157,1,,1140,36.43426374,139.9095422
上三川町,93017,上三川町立坂上小学校,さかうえしょうがっこう,坂上628番地,285569157,1,,550,36.41126925,139.9140594
上三川町,93017,上三川町立北小学校,きたしょうがっこう,上蒲生1725番地,285569157,1,,710,36.45717482,139.9019863
上三川町,93017,上三川町立明治小学校,めいじしょうがっこう,大山524番地,285569157,1,,840,36.44277004,139.8809637
上三川町,93017,上三川町立明治南小学校,めいじみなみしょうがっこう,多功1412番地,285569157,1,,770,36.42779949,139.8798256
上三川町,93017,上三川町立本郷中学校,ほんごうちゅうがっこう,東汗520番地,285569157,1,,740,36.46828839,139.9361774
上三川町,93017,上三川町立上三川中学校,かみのかわちゅうがっこう,上三川4279番地,285569157,1,,1010,36.42777001,139.9090508
上三川町,93017,上三川町立明治中学校,めいじちゅうがっこう,大山25番地,285569157,1,,910,36.44243723,139.8885659
上三川町,93017,上三川町役場,かみのかわまちやくば,しらさぎ一丁目1番地,285569114,1,,410,36.43925736,139.9102891
上三川町,93017,上三川町中央公民館,ちゅうおうこうみんかん,上三川3970番地,285569159,1,,240,36.42481753,139.9077066
上三川町,93017,上三川町体育センター,たいいくせんたー,上三川4270番地,285569159,1,,770,36.42674508,139.9070399
上三川町,93017,上三川町立図書館,としょかん,上三川5040番地,285569159,1,,280,36.43438329,139.9140168
上三川町,93017,上三川いきいきプラザ,いきいきぷらざ,上蒲生127番地1,285569128,1,1,780,36.43712452,139.9094004
上三川町,93017,上三川ふれあいの家ひまわり,ふれあいのいえひまわり,上三川5082番地15,285569128,1,,310,36.43667199,139.9164637
上三川町,93017,上三川町農村環境改善センター,のうそんかんきょうかいぜんせんたー,上郷2140番地,285569136,1,,460,36.45518115,139.9219569
下野市,92169,国分寺公民館,こくぶんじこうみんかん,下野市小金井1127 ,0285-40-5563 ,1,,140,36.38738904,139.8414823
下野市,92169,国分寺東小学校,こくぶんじひがししょうがっこう,下野市柴897-1 ,0285-44-3161 ,1,,400,36.3723304,139.8495758
下野市,92169,旧国分寺西小学校,きゅうこくぶんじにししょうがっこう,下野市川中子3278 ,0285-44-0131 ,1,,360,36.3919627,139.8189099
下野市,92169,国分寺武道館,こくぶんじぶどうかん,下野市駅東7-3-13 ,0285-32-8920 ,1,,70,36.3698112,139.8447735
下野市,92169,国分寺東児童館,こくぶんじひがしじどうかん,下野市駅東7-4-1 ,0285-44-2604 ,1,,40,36.3709005,139.8445021
下野市,92169,コミュニティセンター友愛館,こみゅにてぃせんたーゆうあいかん,下野市柴1019-1 ,0285-40-8111 ,1,,100,36.3706224,139.8512258
下野市,92169,国分寺小学校,こくぶんじしょうがっこう,下野市小金井4-2-3 ,0285-44-0004 ,1,,400,36.38092519,139.8410003
下野市,92169,国分寺中学校,こくぶんじちゅうがっこう,下野市小金井4-1-8 ,0285-44-0050 ,1,,"1,150",36.3801679,139.8393399
下野市,92169,国分寺Ｂ＆Ｇ海洋センター体育館,こくぶんじびーあんどじーかいようせんたーたいいくかん,下野市小金井277-2 ,0285-44-5131 ,1,,430,36.3842477,139.8361704
下野市,92169,国分寺駅西児童館,こくぶんじえきにしじどうかん,下野市小金井5-22-1 ,0285-44-0786 ,1,,60,36.3767322,139.8362208
下野市,92169,国分寺聖武館,こくぶんじしょうむかん,下野市国分寺628-2 ,0285-32-8920 ,1,,340,36.3855107,139.8113164
下野市,92169,保健福祉センターゆうゆう館,ほけんふくしせんたーゆうゆうかん,下野市小金井789 ,0285-43-1232 ,1,1,790,36.385259,139.837584
下野市,92169,スポーツ交流館,すぽーつこうりゅうかん,下野市大松山1-7-1 ,0285-52-1124 ,1,,120,36.43201406,139.8576549
下野市,92169,石橋北小学校,いしばしきたしょうがっこう,下野市上古山1932 ,0285-52-1134 ,1,,360,36.4654416,139.8600567
下野市,92169,古山小学校,こやましょうがっこう,下野市下古山3-1-9 ,0285-52-1132 ,1,,300,36.4452518,139.8590829
下野市,92169,石橋高等学校,いしばしこうとうがっこう,下野市石橋845 ,0285-53-2517 ,1,,980,36.4388719,139.8579834
下野市,92169,石橋小学校,いしばししょうがっこう,下野市花の木1-4 ,0285-52-1131 ,1,,410,36.43193276,139.8622376
下野市,92169,石橋体育センター,いしばしたいいくせんたー,下野市大松山1-7-1 ,0285-52-1124 ,1,,820,36.431781,139.8572365
下野市,92169,石橋中学校,いしばしちゅうがっこう,下野市石橋1130 ,0285-52-1130 ,1,,730,36.4383938,139.8455148
下野市,92169,細谷小学校,ほそやしょうがっこう,下野市細谷693 ,0285-52-1133 ,1,,250,36.425867,139.8314716
下野市,92169,石橋図書館,いしばしとしょかん,下野市大松山1-7-3 ,0285-52-1136 ,1,,250,36.4306977,139.8562783
下野市,92169,グリムの館,ぐりむのやかた,下野市下古山747 ,0285-52-1180 ,1,,230,36.4490598,139.8587327
下野市,92169,保健福祉センターきらら館,ほけんふくしせんたーきららかん,下野市下古山1220 ,0285-52-3711 ,1,1,700,36.445081,139.843574
下野市,92169,ふれあいセンター,ふれあいせんたー,下野市下長田146 ,0285-52-1184 ,1,,90,36.4500148,139.8420561
下野市,92169,ふれあい館,ふれあいかん,下野市三王山698-5 ,0285-47-1126 ,1,1,620,36.39762,139.903012
下野市,92169,南河内公民館,みなみかわちこうみんかん,下野市田中681-1 ,0285-48-2393 ,1,,330,36.3847294,139.8775953
下野市,92169,緑小学校,みどりしょうがっこう,下野市緑3-16-1 ,0285-40-6601 ,1,,450,36.3870173,139.8562467
下野市,92169,祇??園小学校,ぎおんしょうがっこう,下野市祇??園2-21-3 ,0285-44-5002 ,1,,450,36.3937804,139.8624515
下野市,92169,南河内体育センター,みなみかわちたいいくせんたー,下野市仁良川1141 ,0285-48-2392 ,1,,730,36.38433665,139.8782979
下野市,92169,仁良川コミュニティセンター,にらがわこみゅにてぃせんたー,下野市仁良川1468 ,0285-32-8887,1,,90,36.3770445,139.8771956
下野市,92169,南河内中学校,みなみかわちちゅうがっこう,下野市薬師寺986 ,0285-48-0010 ,1,,760,36.3867957,139.8762369
下野市,92169,薬師寺小学校,やくしじしょうがっこう,下野市薬師寺1412 ,0285-48-0009 ,1,,480,36.3950834,139.8770643
下野市,92169,吉田東小学校,よしだひがししょうがっこう,下野市中川島7 ,0285-48-5007 ,1,,450,36.3825724,139.910253
下野市,92169,南河内東体育館,みなみかわちひがしたいいくかん,下野市本吉田783 ,0285-32-8920,1,,400,36.3742431,139.90902
下野市,92169,南河内東公民館,みなみかわちひがしこうみんかん,下野市本吉田783 ,0285-48-5511 ,1,,200,36.37453033,139.9094009
下野市,92169,吉田西小学校,よしだにししょうがっこう,下野市下坪山959 ,0285-48-5008 ,1,,450,36.3677684,139.888831
下野市,92169,南河内第二中学校,みなみかわちだいにちゅうがっこう,下野市祇??園4-16-3 ,0285-40-6030 ,1,,800,36.389992,139.8601768
下野市,92169,薬師寺コミュニティセンター,やくしじこみゅにてぃせんたー,下野市薬師寺1387-25 ,0285-48-5522 ,1,,100,36.39549777,139.8740229
下野市,92169,上三川高等学校,かみのかわこうとうがっこう,栃木県河内郡上三川町大字多功994-4 ,0285-53-2367 ,1,,960,36.416008,139.869641
塩谷町,93840,塩谷町立玉生小学校,しおやちょうりつたまにゅうしょうがっこう,栃木県塩谷町大字玉生395,0287-48-7501,,,2418,36.77693091,139.849247
塩谷町,93840,日々輝学園高等学校開桜館,ひびきがくえんこうとうがっこうかいおうかん,栃木県塩谷町大字大宮2579-1,0287-45-1111,,,3802,36.750633,139.871034
塩谷町,93840,塩谷町立塩谷中学校,しおやちょうりつしおやちゅうがっこう,栃木県塩谷町大字飯岡1248,0287-48-7501,,,5341,36.762386,139.840061
塩谷町,93840,星ふる学校くまの木,ほしふるがっこうくまのき,栃木県塩谷町大字熊ノ木802,0287-45-0061,,,551,36.7948749,139.8562568
塩谷町,93840,自然休養村センター,しぜんきゅうようそんせんたー,栃木県塩谷町大字熊ノ木987-2,0287-45-2211,,,643,36.791636,139.854249
塩谷町,93840,認定しおやこども園,にんていしおやこどもえん,栃木県塩谷町大字玉生1057-83,0287-45-1119,,,471,36.781943,139.857336
塩谷町,93840,尚仁沢はーとらんど,しょうじんざわはーとらんど,栃木県塩谷町大字上寺島1618-4,0287-41-1080,,,296,36.82284523,139.8219943
塩谷町,93840,塩谷町立船生小学校,しおやちょうりつふにゅうしょうがっこう,栃木県塩谷町大字船生3660,0287-47-0030,,,1685,36.783994,139.786429
塩谷町,93840,塩谷町生涯学習センター,しおやまちしょうがいがくしゅうせんたー,栃木県塩谷町大字船生989-1,0287-48-7503,,,787,36.77295071,139.7808033
塩谷町,93840,ふにゅう保育園,ふにゅうほいくえん,栃木県塩谷町大字船生3600-1,0287-47-0144,,,385,36.77295071,139.7808033
塩谷町,93840,旧船生西小学校,きゅうふにゅうにししょうがっこう,栃木県塩谷町大字船生6000,0287-45-2210,,,1108,36.77295071,139.7808033
塩谷町,93840,塩谷町立大宮小学校,しおやちょうりつおおみやしょうがっこう,栃木県塩谷町大字大宮2166,0287-46-0014,,,1673,36.74206916,139.8772957
塩谷町,93840,旧大久保小学校,きゅうおおくぼしょうがっこう,栃木県塩谷町大字大久保1401,0287-45-1111,,,1042,36.730151,139.904637
塩谷町,93840,日々輝学園高等学校,ひびきがくえんこうとうがっこう,栃木県塩谷町大字大宮2475-1,0287-41-3841,,,1476,36.742998,139.868498
塩谷町,93840,道の駅　湧水の郷しおや,みちのえき　ゆうすいのさとしおや,栃木県塩谷町大字船生3733-1,0287-41-6101,,,539,36.764719,139.78047
塩谷町,93840,大宮コミュニティセンター,おおみやこみゅにてぃーせんたー,栃木県塩谷町大字大宮1028-2,0287-46-0116,,,307,36.736993,139.876704
塩谷町,93840,おおみや保育園,おおみやほいくえん,栃木県塩谷町大字大宮2108-1,0287-46-0304,,,300,36.74206916,139.8772957
塩谷町,93840,田所体育館,たどころたいいくかん,栃木県塩谷町大字田所973,0287-48-7503,,,375,36.757632,139.882744
壬生町,93611,壬生小学校,みぶしょうがっこう,栃木県壬生町本丸２丁目３−７,0282-82-0049,1,,"4,663",36.42538310921815,139.7986489534378
壬生町,93611,壬生中央公民館,みぶちゅうおうこうみんかん,栃木県壬生町本丸１丁目８,0282-82-0108,1,,"2,234",36.427821823409104,139.79741513729095
壬生町,93611,藤井小学校,ふじいしょうがっこう,栃木県壬生町大字藤井１２６７,0282-82-0102,1,,"1,567",36.41622321890885,139.8155575990677
壬生町,93611,壬生中学校,みぶちゅうがっこう,栃木県壬生町大字壬生甲２７７０,0282-82-6690,,,"5,909",36.43881450960271,139.79584872722626
壬生町,93611,総合運動場,そうごううんどうじょう,栃木県壬生町大字壬生甲３８２８,0282-82-2345,1,,"1,686",36.443349,139.81593600000002
壬生町,93611,壬生東小学校,みぶひがししょうがっこう,栃木県壬生町落合３丁目５−２１,0282-82-0079,1,,"2,979",36.455229,139.8215565
壬生町,93611,稲葉小学校,いなばしょうがっこう,栃木県壬生町大字上稲葉８８１,0282-82-1004,1,,"2,110",36.450585,139.77790199999998
壬生町,93611,稲葉地区公民館,いなばちくこうみんかん,栃木県壬生町大字上稲葉９３２,0282-82-7374,1,,312,36.448515,139.77954
壬生町,93611,羽生田小学校,はにゅうだしょうがっこう,栃木県壬生町大字羽生田２１３９-１,0282-82-1022,1,,"1,541",36.47466,139.77714150000003
壬生町,93611,睦小学校,むつみしょうがっこう,栃木県壬生町大字壬生丁２３０-１,0282-82-4824,1,,"2,495",36.460836,139.837293
壬生町,93611,南犬飼中学校,みなみいぬかいしょうがっこう,栃木県壬生町大字北小林７４３,0282-86-0134,1,,"6,046",36.47943000000001,139.8249765
壬生町,93611,南犬飼地区公民館,みなみいぬかいちくこうみんかん,栃木県壬生町大字安塚１１７９,0282-86-0031,1,,"1,249",36.479817,139.83236549999998
壬生町,93611,安塚小学校,やすづかしょうがっこう,栃木県壬生町大字安塚２０７８,0282-86-0034,1,,"2,369",36.48978,139.830984
壬生町,93611,壬生北小学校,みぶきたしょうがっこう,栃木県壬生町大字北小林１９０,0282-86-0064,1,,"1,901",36.48555,139.8099735
壬生町,93611,総合公園,そうごうこうえん,栃木県壬生町大字国谷７８３−１,0282-86-7117,1,,712,36.461601,139.80945150000002
壬生町,93611,嘉陽が丘ふれあい広場,かようがおかふれあいひろｂ,栃木県壬生町大字上稲葉１０５６-８,0282-82-1014,1,,676,36.45252000000001,139.78778850000003
壬生町,93611,ふれあい交流館,ふれあいこうりゅうかん,栃木県壬生町大字壬生甲６０４-６,0282-82-8818,1,,275,36.428931000000006,139.808511
壬生町,93611,壬生町保健福祉センター,みぶまちほけんふくしせんたー,栃木県壬生町壬生甲３８４３-１,0282-81-1400,1,1,838,36.442890000000006,139.81248900000003
壬生町,93611,しもつけ荘,しもつけそう,栃木県壬生町北小林８１２,0282-86-0177,1,1,15,36.47514600000001,139.82088149999998
壬生町,93611,グループホーム元気,ぐるーぷほーむげんき,栃木県壬生町壬生甲２２２４-１,0282-28-6118,1,1,10,36.43248637000005,139.8152884140001
大田原市,9210,大田原体育館･武道館,おおたわらたいいくかん・ぶどうかん,大田原市本町1-1-1,287228017,1,,794,36.86689167,140.0213667
大田原市,9210,大田原小学校,おおたわらしょうがっこう,大田原市城山1-4-36,287233112,1,,653,36.86240278,140.0337222
大田原市,9210,西原小学校,にしはらしょうがっこう,大田原市美原3-2-8,287233112,1,,500,36.85592778,140.0050889
大田原市,9210,紫塚小学校,むらさきづかしょうがっこう,大田原市紫塚1-7-1,287233112,1,,500,36.87320278,140.0180722
大田原市,9210,大田原中学校,おおたわらちゅうがっこう,大田原市美原1-14-2,287233112,1,,746,36.85560833,140.0097944
大田原市,9210,若草中学校,わかくさちゅうがっこう,大田原市若草2-1234,287233112,1,,550,36.85387222,140.0438417
大田原市,9210,大田原高等学校,おおたわらこうとうがっこう,大田原市紫塚3-2651,286233372,1,,633,36.8733891,140.0205053
大田原市,9210,大田原女子高等学校,おおたわらじょしこうとうがっこう,大田原市元町1-5-43,286233372,1,,633,36.85918706,140.035806
大田原市,9210,大田原東地区公民館,おおたわらひがしちくこうみんかん,大田原市若草1-1287-1,287232100,1,,96,36.85068056,140.0433417
大田原市,9210,県立県北体育館,けんりつけんぽくたいいくかん,大田原市美原3-2-62,286233414,1,,1881,36.85648333,140.0046889
大田原市,9210,大田原西地区公民館,おおたわらにしちくこうみんかん,大田原市浅香3-3578-747,287232100,1,,229,36.85292194,140.0185417
大田原市,9210,勤労青少年ホーム,きんろうせいしょうねんほーむ,大田原市美原1-1-4,287238709,1,,90,36.85906111,140.0192167
大田原市,9210,金田北中学校,かねだきたちゅうがっこう,大田原市市野沢2067,287233112,1,,648,36.89178889,140.0519611
大田原市,9210,市野沢小学校,いちのさわしょうがっこう,大田原市市野沢2077,287233112,1,,305,36.89125833,140.0510611
大田原市,9210,羽田小学校,はんだしょうがっこう,大田原市羽田644,287233112,1,,310,36.908775,140.0884056
大田原市,9210,奥沢小学校,おくさわしょうがっこう,大田原市奥沢175,287233112,1,,295,36.853875,140.0713972
大田原市,9210,金丸小学校,かねまるしょうがっこう,大田原市南金丸1640,287233112,1,,301,36.86196639,140.0875083
大田原市,9210,金田南中学校,かねだみなみちゅうがっこう,大田原市南金丸1870-4,287233112,1,,278,36.85616389,140.0885167
大田原市,9210,金田北地区公民館,かねだきたちくこうみんかん,大田原市市野沢1988-1,287232100,1,,88,36.89419167,140.0513944
大田原市,9210,金田南地区公民館,かねだみなみちくこうみんかん,大田原市南金丸1870-5,287232100,1,,249,36.85494722,140.0901306
大田原市,9210,親園小学校,ちかそのしょうがっこう,大田原市親園618,287233112,1,,292,36.82412222,140.0201
大田原市,9210,親園中学校,ちかそのちゅうがっこう,大田原市花園1-87,287233112,1,,506,36.82915528,140.0293306
大田原市,9210,宇田川小学校,うだかわしょうがっこう,大田原市親園1973,287233112,1,,300,36.83096667,140.0511639
大田原市,9210,親園農村環境改善センター,ちかそののうそんかんきょうかいぜんせんたー,大田原市親園1973,287232100,1,,,36.82348279,140.0429051
大田原市,9210,薄葉小学校,うすばしょうがっこう,大田原市薄葉2014,287233112,1,,300,36.83001667,139.9729917
大田原市,9210,野崎中学校,のざきちゅうがっこう,大田原市薄葉2250,287233112,1,,295,36.83814694,139.9617222
大田原市,9210,石上小学校,いしがみしょうがっこう,大田原市上石上1528,287233112,1,,449,36.85608914,139.9482984
大田原市,9210,野崎研修センター,のざきけんしゅうせんたー,大田原市野崎2-26-2,287232100,1,,87,36.84576569,139.9578576
大田原市,9210,旧佐久山中学校,きゅうさくやまちゅうがっこう,大田原市佐久山4427-107,287238795,1,,304,36.79546667,140.0358889
大田原市,9210,旧福原小学校,きゅうふくわらしょうがっこう,大田原市福原1132,287238795,1,,300,36.80093611,140.0533861
大田原市,9210,ふれあいの丘,ふれあいのおか,大田原市福原1411-22,287232100,1,,355,36.79782222,140.0520889
大田原市,9210,佐久山地区公民館,さくやまちくこうみんかん,大田原市佐久山2287-1,287232100,1,,84,36.80231111,140.0145639
大田原市,9210,佐良土小学校,さらどしょうがっこう,大田原市佐良土901-3,287233112,1,,309,36.78991389,140.1228389
大田原市,9210,蛭田小学校,ひるたしょうがっこう,大田原市蛭田1720,287233112,1,,319,36.80912222,140.0830667
大田原市,9210,湯津上小学校,ゆづかみしょうがっこう,大田原市湯津上1156,287233112,1,,313,36.82396667,140.1246861
大田原市,9210,湯津上中学校,ゆづかみちゅうがっこう,大田原市5-573,287233112,1,,620,36.80663056,140.1112639
大田原市,9210,湯津上支所,ゆづかみししょ,大田原市5-1081,287982111,1,,184,36.818175,140.1067333
大田原市,9210,湯津上農村環境改善センター,ゆづかみのうそんかんきょうかいぜんせんたー,大田原市湯津上5-776,287232100,1,,465,36.81954722,140.1070889
大田原市,9210,佐良土西コミュニティセンター,さらどにしこみゅにてぃせんたー,大田原市佐良土1207,,1,,46,36.79257739,140.1108096
大田原市,9210,佐良土多目的交流センター,さらどたもくてきこうりゅうせんたー,大田原市佐良土853,287238708,1,,50,36.78675278,140.125525
大田原市,9210,蛭畑公民館,ひるはたこうみんかん,大田原市蛭畑868-2,,1,,67,36.80153889,140.1010667
大田原市,9210,品川センター,しながわせんたー,大田原市蛭畑1981-23,,1,,77,36.81444139,140.0890583
大田原市,9210,新宿公民館,あらじゅくこうみんかん,大田原市新宿587-1,,1,,29,36.81108057,140.0722071
大田原市,9210,片府田生活センター,かたふたせいかつせんたー,大田原市片府田346,,1,,87,36.81397194,140.0647056
大田原市,9210,黒羽中学校,くろばねちゅうがっこう,大田原市北野上3597-1,287233112,1,,1340,36.88514722,140.1391083
大田原市,9210,前田集会所,まえたしゅうかいじょ,大田原市前田221,,1,,38,36.86518056,140.1292861
大田原市,9210,黒羽体育館,くろばねたいいくかん,大田原市前田1020,287228017,1,,981,36.86754444,140.1260167
大田原市,9210,黒羽高等学校,くろばねこうとうがっこう,大田原市前田780,286233372,1,,977,36.86418469,140.1411153
大田原市,9210,堀之内集会所,ほりのうちしゅうかいじょ,大田原市堀之内87,,1,,40,36.87041667,140.1313917
大田原市,9210,北滝公会堂,きたたきこうかいどう,大田原市北滝593,,1,,49,36.82468889,140.13395
大田原市,9210,黒羽・川西地区公民館,くろばね・かわにしちくこうみんかん,大田原市黒羽田町848,287232100,1,,164,36.85969626,140.1250997
大田原市,9210,片田集会所,かたたしゅうかいじょ,大田原市片田572,,1,,59,36.81062778,140.1361472
大田原市,9210,亀久公民館,かめひさこうみんかん,大田原市亀久822,,1,,48,36.80877795,140.1567142
大田原市,9210,矢倉地区活性化施設,やぐらちくかっせいかしせつ,大田原市矢倉144,,1,,24,36.79147648,140.1389119
大田原市,9210,旧川西中学校,きゅうかわにしちゅうがっこう,大田原市黒羽向町1555,287238795,1,,334,36.87249444,140.1180389
大田原市,9210,築地集会所,ついじしゅうかいじょ,大田原市黒羽向町761-3,,1,,44,36.868886,140.1136131
大田原市,9210,奥澤公民館,おくさわこうみんかん,大田原市黒羽向町1329,,1,,28,36.87418633,140.1233142
大田原市,9210,黒羽商工会,くろばねしょうこうかい,大田原市黒羽向町112,287540568,1,,80,36.85978476,140.1208133
大田原市,9210,川西高齢者ほほえみセンター,かわにしこうれいしゃほほえみせんたー,大田原市黒羽向町409-1,287238740,1,,48,36.86172,140.115509
大田原市,9210,川西小学校,かわにししょうがっこう,大田原市黒羽向町618,287233112,1,,827,36.86435278,140.1137556
大田原市,9210,大豆田公民館,おおまめだこうみんかん,大田原市大豆田413,,1,,26,36.85359167,140.1199639
大田原市,9210,余瀬多目的集会所,よぜたもくてきしゅうかいじょ,大田原市余瀬434,,1,,51,36.86910833,140.1025028
大田原市,9210,旧蜂巣小学校,きゅうはちすしょうがっこう,大田原市蜂巣295,287238795,1,,119,36.88016917,140.1088056
大田原市,9210,蜂巣集落センター,はちすしゅうらくせんたー,大田原市蜂巣127-1,,1,,58,36.87646111,140.1065056
大田原市,9210,篠原公民館,しのはらこうみんかん,大田原市蜂巣730,,1,,18,36.8841275,140.096525
大田原市,9210,桧木沢集落センター,ひのきざわしゅうらくせんたー,大田原市桧木沢804,,1,,51,36.89123333,140.1106611
大田原市,9210,寒井本郷集会所,さぶいほんごうしゅうかいじょ,大田原市寒井838,,1,,57,36.90969039,140.1228157
大田原市,9210,寒井南部公民館,さぶいなんぶこうみんかん,大田原市寒井245,,1,,22,36.89879722,140.1181694
大田原市,9210,寒井北部公民館,さぶいほくぶこうみんかん,大田原市寒井1643,,1,,23,36.91909174,140.1127152
大田原市,9210,旧寒井小学校,きゅうさぶいしょうがっこう,大田原市寒井244-35,287238795,1,,272,36.90278611,140.115475
大田原市,9210,両郷中央小学校,りょうごうちゅうおうしょうがっこう,大田原市中野内809,287233112,1,,300,36.91541361,140.1581611
大田原市,9210,旧両郷中学校,きゅうりょうごうちゅうがっこう,大田原市中野内580,287238795,1,,197,36.90967778,140.1527278
大田原市,9210,両郷地区コミュニティセンター,りょうごうちくこみゅにてぃせんたー,大田原市中野内773,287232100,1,,65,36.91520278,140.1557222
大田原市,9210,中野内公民館,なかのうちこうみんかん,大田原市中野内2123,,1,,46,36.91263583,140.155725
大田原市,9210,両郷集会所,りょうごうしゅうかいじょ,大田原市両郷1421,,1,,46,36.93869227,140.1739213
大田原市,9210,寺宿集会所,てらじゅくしゅうかいじょ,大田原市寺宿170,,1,,46,36.91113889,140.1684472
大田原市,9210,木佐美集会所,きざみしゅうかいじょ,大田原市木佐美287,,1,,34,36.90628857,140.1739199
大田原市,9210,大久保集会所,おおくぼしゅうかいじょ,大田原市大久保365,,1,,37,36.90406389,140.1635833
大田原市,9210,久野又集会所,くのまたしゅうかいじょ,大田原市久野又249-2,,1,,37,36.89209694,140.1504417
大田原市,9210,交流促進センター若杉山荘,こうりゅうそくしんせんたーわかすぎさんそう,大田原市大輪675-22,287238126,1,,65,36.8824525,140.1343167
大田原市,9210,大輪集会所,おおわしゅうかいじょ,大田原市大輪250,,1,,54,36.8871877,140.1274151
大田原市,9210,川田公民館,かわだこうみんかん,大田原市川田143,,1,,41,36.91234972,140.1307361
大田原市,9210,旧須佐木小学校,きゅうすさぎしょうがっこう,大田原市須佐木540,287238795,1,,267,36.83714972,140.1945444
大田原市,9210,須佐木中組公民館,すさぎなかぐみこうみんかん,大田原市須佐木750,,1,,52,36.83587999,140.1944186
大田原市,9210,須佐木多目的集会所,すさぎたもくてきしゅうかいじょ,大田原市須佐木930,,1,,46,36.82967929,140.1942183
大田原市,9210,川上健康増進センター,かわかみけんこうぞうしんせんたー,大田原市川上183-1,287238126,1,,319,36.87906667,140.2211444
大田原市,9210,南方第1公民館,なんぼうだいいちこうみんかん,大田原市南方332,,1,,32,36.88586111,140.2214083
大田原市,9210,須賀川集会所,すかがわしゅうかいじょ,大田原市須賀川1841,,1,,23,36.81664444,140.2494472
大田原市,9210,須賀川下組会館,すかがわしもぐみかいかん,大田原市須賀川931,,1,,82,36.79984722,140.2571028
宇都宮市,92011,中央小学校,チュウオウショウガッコウ,栃木県宇都宮市中央本町１-29,028-635-3043,1,1,,36.55925966,139.8847723
宇都宮市,92011,中央地域コミュニティセンター,チュウオウチイキコミュニティセンター,栃木県宇都宮市中央本町１-29,028-633-9312,,1,,36.55925677,139.884884
宇都宮市,92011,東小学校,ヒガシショウガッコウ,栃木県宇都宮市東塙田１-6-14,028-622-2282,1,1,,36.56521382,139.8911201
宇都宮市,92011,西小学校,ニシショウガッコウ,栃木県宇都宮市西1-2-13,028-634-6129,1,1,,36.55970415,139.8782732
宇都宮市,92011,簗瀬小学校,ヤナセショウガッコウ,栃木県宇都宮市南大通り2-6-6,028-633-0363,1,1,,36.55458094,139.8934885
宇都宮市,92011,西原小学校,ニシハラショウガッコウ,栃木県宇都宮市西原2-5-42,028-634-4401,1,1,,36.5540811,139.872789
宇都宮市,92011,戸祭小学校,トマツリショウガッコウ,栃木県宇都宮市戸祭1-10-25,028-622-6244,1,1,,36.57295688,139.8670094
宇都宮市,92011,今泉小学校,イマイズミショウガッコウ,栃木県宇都宮市元今泉1-7-29,028-635-1215,1,1,,36.56125263,139.9030389
宇都宮市,92011,昭和小学校,ショウワショウガッコウ,栃木県宇都宮市戸祭元町１-15,028-622-3868,1,1,,36.56897748,139.8825774
宇都宮市,92011,陽南小学校,ヨウナンショウガッコウ,栃木県宇都宮市大和１-10-15,028-658-1280,1,1,,36.53411141,139.8637595
宇都宮市,92011,桜小学校,サクラショウガッコウ,栃木県宇都宮市桜3-2-22,028-634-4481,1,1,,36.56320438,139.8684133
宇都宮市,92011,錦小学校,ニシキショウガッコウ,栃木県宇都宮市錦2-7-15,028-621-0444,1,1,,36.57211883,139.8951773
宇都宮市,92011,細谷小学校,ホソヤショウガッコウ,栃木県宇都宮市細谷1-4-38,028-624-6023,1,1,,36.59046565,139.8559611
宇都宮市,92011,峰小学校,ミネショウガッコウ,栃木県宇都宮市峰3-20-17,028-633-3973,1,1,,36.55265453,139.9197986
宇都宮市,92011,石井小学校,イシイショウガッコウ,栃木県宇都宮市石井町1213,028-661-3003,1,1,,36.54036116,139.9298924
宇都宮市,92011,富士見小学校,フジミショウガッコウ,栃木県宇都宮市鶴田町2708-3,028-633-4549,,1,,36.55389218,139.8634481
宇都宮市,92011,泉が丘小学校,イズミガオカショウガッコウ,栃木県宇都宮市泉が丘７-12-14,028-661-2255,1,1,,36.56703576,139.9202399
宇都宮市,92011,緑が丘小学校,ミドリガオカショウガッコウ,栃木県宇都宮市緑3-3-12,028-658-2600,1,1,,36.52226383,139.8597564
宇都宮市,92011,宮の原小学校,ミヤノハラショウガッコウ,栃木県宇都宮市宮原4-1-14,028-633-1505,1,1,,36.54272534,139.8736699
宇都宮市,92011,御幸小学校,ミユキショウガッコウ,栃木県宇都宮市御幸本町4638-１,028-662-3268,1,1,,36.57612544,139.9257522
宇都宮市,92011,御幸が原小学校,ミユキガハラショウガッコウ,栃木県宇都宮市御幸ケ原町53-2,028-662-3268,,1,,36.59448993,139.9290146
宇都宮市,92011,陽東小学校,ヨウトウショウガッコウ,栃木県宇都宮市陽東2-16-36,028-661-2100,,1,,36.5529939,139.9265004
宇都宮市,92011,陽光小学校,ヨウコウショウガッコウ,栃木県宇都宮市緑5-3-16,028-658-8650,,1,,36.51792139,139.8617612
宇都宮市,92011,西が岡小学校,ニシガオカショウガッコウ,栃木県宇都宮市宝木町2-1075-12,028-624-1081,,1,,36.59611501,139.8443786
宇都宮市,92011,上戸祭小学校,カミトマツリショウガッコウ,栃木県宇都宮市上戸祭町271-１,028-624-6615,,1,,36.59072553,139.8673691
宇都宮市,92011,一条中学校,イチジョウチュウガッコウ,栃木県宇都宮市京町9-25,028-633-0401,1,1,,36.5533438,139.879917
宇都宮市,92011,陽北中学校,ヨウホクチュウガッコウ,栃木県宇都宮市今泉町47-2,028-621-8491,1,1,,36.5717141,139.8987697
宇都宮市,92011,旭中学校,アサヒチュウガッコウ,栃木県宇都宮市天神１-１-42,028-634-9177,1,1,,36.55584307,139.8886676
宇都宮市,92011,陽南中学校,ヨウナンチュウガッコウ,栃木県宇都宮市陽南2-4-58,028-658-1293,1,1,,36.53530472,139.8761225
宇都宮市,92011,陽西中学校,ヨウサイチュウガッコウ,栃木県宇都宮市陽西町１-16,028-622-2328,1,1,,36.57345654,139.8589568
宇都宮市,92011,陽東中学校,ヨウトウチュウガッコウ,栃木県宇都宮市石井町2800-42,028-662-9105,1,1,,36.54453307,139.9288664
宇都宮市,92011,宮の原中学校,ミヤノハラショウガッコウ,栃木県宇都宮市鶴田町261-3,028-648-2226,,1,,36.54564105,139.8550941
宇都宮市,92011,星が丘中学校,ホシガオカチュウガッコウ,栃木県宇都宮市星が丘2-3-31,028-622-6542,1,1,,36.56993047,139.8749965
宇都宮市,92011,泉が丘中学校,イズミガオカチュウガッコウ,栃木県宇都宮市泉が丘4-11-40,028-661-2508,1,1,,36.56704985,139.9189202
宇都宮市,92011,宝木中学校,タカラギチュウガッコウ,栃木県宇都宮市細谷町604,028-621-3959,,1,,36.59589225,139.8483431
宇都宮市,92011,西市民活動センター,ニシシミンカツドウセンター,栃木県宇都宮市西一の沢町17-32,028-648-8241,,1,,36.56769546,139.8614854
宇都宮市,92011,南市民活動センター,ミナミシミンカツドウセンター,栃木県宇都宮市江曽島2-4-23,028-645-0006,,1,,36.52315493,139.8646122
宇都宮市,92011,陽光地域コミュニティセンター,ヨウコウチイキコミュニティセンター,栃木県宇都宮市緑5-8-8,028-658-3373,,1,,36.51637256,139.8626584
宇都宮市,92011,東市民活動センター,ヒガシシミンカツドウセンター,栃木県宇都宮市中今泉3-5-1,028-638-5784,,1,,36.56855587,139.908855
宇都宮市,92011,宇都宮市体育館,ウツノミヤシタイイクカン,栃木県宇都宮市元今泉5-6-18,028-663-1611,,1,,36.56128982,139.9109365
宇都宮市,92011,明保野体育館,アケボノタイイクカン,栃木県宇都宮市明保野町7-9,028-632-6831,,1,,36.54833077,139.867942
宇都宮市,92011,東地域コミュニティセンター,ヒガシチイキコミュニティセンター,栃木県宇都宮市東塙田1-6-14,028-624-0554,,1,,36.56565066,139.8916826
宇都宮市,92011,西地域コミュニティセンター,ニシチイキコミュニティセンター,栃木県宇都宮市西1-2-13,028-635-7141,,1,,36.5602639,139.8782381
宇都宮市,92011,簗瀬地域コミュニティセンター,ヤナセチイキコミュニティセンター,栃木県宇都宮市南大通り2-6-6,028-635-7132,,1,,36.55454521,139.8928909
宇都宮市,92011,西原地域コミュニティセンター,ニシハラチイキコミュニティセンター,栃木県宇都宮市西原2-5-42,028-635-7139,,1,,36.55449038,139.8723864
宇都宮市,92011,昭和地域コミュニティセンター,ショウワチイキコミュニティセンター,栃木県宇都宮市戸祭町3043-１,028-624-0508,,1,,36.57717093,139.8748128
宇都宮市,92011,錦地域コミュニティセンター,ニシキチイキコミュニティセンター,栃木県宇都宮市今泉町143-6,028-624-8682,,1,,36.5681326,139.8991301
宇都宮市,92011,宮の原地域コミュニティセンター,ミヤノハラコミュニティセンター,栃木県宇都宮市宮原4-1-14,028-635-8533,1,1,,36.54209796,139.8728427
宇都宮市,92011,峰地域コミュニティセンター,ミネチイキコミュニティセンター,栃木県宇都宮市峰3-20-17,028-635-7133,,1,,36.55238537,139.9193168
宇都宮市,92011,泉が丘地域コミュニティセンター,イズミガオカチイキコミュニティセンター,栃木県宇都宮市泉が丘７-12-14,028-662-4821,,1,,36.56736077,139.9201987
宇都宮市,92011,石井地域コミュニティセンター,イシイコミュニティセンター,栃木県宇都宮市石井町1213,028-662-6833,1,1,,36.540478,139.929034
宇都宮市,92011,御幸地域コミュニティセンター,ミユキチイキコミュニティセンター,栃木県宇都宮市御幸本町4638-１,028-663-2901,,1,,36.57643645,139.9259259
宇都宮市,92011,城東地域コミュニティセンター,ジョウトウチイキコミュニティセンター,栃木県宇都宮市城東2-23-1,028-635-8041,,1,,36.54911764,139.9040643
宇都宮市,92011,陽東地域コミュニティセンター,ヨウトウチイキコミュニティセンター,栃木県宇都宮市陽東2-16-36,028-662-6269,,1,,36.5529939,139.9265004
宇都宮市,92011,御幸が原地域コミュニティセンター,ミユキガハラチイキコミュニティセンター,栃木県宇都宮市御幸ヶ原53-2,028-663-3870,,1,,36.59407587,139.929408
宇都宮市,92011,富士見地域コミュニティセンター,フジミチイキコミュニティセンター,栃木県宇都宮市鶴田町2708-3,028-635-7841,,1,,36.55389218,139.8634481
宇都宮市,92011,明保地域コミュニティセンター,メイホチイキコミュニティセンター,栃木県宇都宮市鶴田町3668-36,028-648-7253,,1,,36.56873428,139.8389656
宇都宮市,92011,陽南地域コミュニティセンター,ヨウナンチイキコミュニティセンター,栃木県宇都宮市大和１-10-15,028-658-8271,,1,,36.53341825,139.8642606
宇都宮市,92011,戸祭地域コミュニティセンター,トマツリチイキコミュニティセンター,栃木県宇都宮市戸祭１-10-25,028-624-0632,,1,,36.51637256,139.8626584
宇都宮市,92011,宝木地域コミュニティセンター,タカラギチイキコミュニティセンター,栃木県宇都宮市駒生町3364-29,028-624-0531,,1,,36.57298345,139.8671472
宇都宮市,92011,細谷・上戸祭地域コミュニティセンター,ホソヤチイキコミュニティセンター,栃木県宇都宮市細谷1-4-38,028-621-7882,,1,,36.58282274,139.8493354
宇都宮市,92011,今泉地域コミュニティセンター,イマイズミチイキコミュニティセンター,栃木県宇都宮市元今泉１-７-29,028-639-6066,,1,,36.5613896,139.9036993
宇都宮市,92011,桜地域コミュニティセンター,サクラチイキコミュニティセンター,栃木県宇都宮市桜3-2-22,028-636-2007,,1,,36.56284551,139.8683943
宇都宮市,92011,緑ヶ丘地域コミュニティセンター,ミドリガオカチイキコミュニティセンター,栃木県宇都宮市緑3丁目5番3号 ,028-645-0126,,1,,36.52131008,139.8585173
宇都宮市,92011,五代若松原地域コミュニティセンター,ゴダイワカマツハラチイキコミュニティセンター,栃木県宇都宮市若松原3-19-27,028-653-6767,,1,,36.50002746,139.8631001
宇都宮市,92011,平石中央小学校,ヒライシチュウオウショウガッコウ,栃木県宇都宮市下平出町479,028-661-0309,1,1,,36.55449705,139.9456946
宇都宮市,92011,平石北小学校,ヒライシキタショウガッコウ,栃木県宇都宮市平出町1804-2,028-661-0647,1,1,,36.5759378,139.9516204
宇都宮市,92011,鬼怒中学校,キヌチュウガッコウ,栃木県宇都宮市平出町3764-10,028-661-6337,1,1,,36.57439974,139.9390786
宇都宮市,92011,平石地区市民センター,ヒライシチクシミンセンター,栃木県宇都宮市下平出町158-１,028-660-1964,1,1,,36.55899,139.945959
宇都宮市,92011,清原中央小学校,キヨハラチュウオウショウガッコウ,栃木県宇都宮市道場宿町848,028-667-0106,1,1,,36.56272885,139.9764918
宇都宮市,92011,清原南小学校,キヨハラミナミショウガッコウ,栃木県宇都宮市上籠谷町1401,028-667-0516,1,1,,36.52429964,139.9665569
宇都宮市,92011,清原北小学校,キヨハラキタショウガッコウ,栃木県宇都宮市板戸町1765,028-667-0780,1,1,,36.59564667,139.9804618
宇都宮市,92011,清原中学校,キヨハラチュウガッコウ,栃木県宇都宮市鐺山町231,028-667-0101,1,1,,36.54154422,139.9729637
宇都宮市,92011,清原地区市民センター,キヨハラチクシミンセンター,栃木県宇都宮市清原工業団地15-4,028-667-5696,1,1,,36.54661296,139.9822258
宇都宮市,92011,横川東小学校,ヨコカワヒガシショウガッコウ,栃木県宇都宮市下栗町963,028-656-1031,1,1,,36.53303137,139.9060531
宇都宮市,92011,横川西小学校,ヨコカワニシショウガッコウ,栃木県宇都宮市上横田町850,028-658-2679,1,1,,36.52312755,139.8779237
宇都宮市,92011,横川中学校,ヨコカワチュウガッコウ,栃木県宇都宮市屋板町143,028-656-2441,,1,,36.51935511,139.9037718
宇都宮市,92011,横川地区市民センター,ヨコカワチクシミンセンター,栃木県宇都宮市屋板町576-１,028-656-1009,,1,,36.51677034,139.8989629
宇都宮市,92011,サンアビリティーズ,サンアビリティーズ,栃木県宇都宮市 屋板町251-１,028-656-1458,,1,,36.52155036,139.8939973
宇都宮市,92011,瑞穂野北小学校,ミズホノキタショウガッコウ,栃木県宇都宮市下桑島町465,028-656-1587,,1,,36.50810664,139.9426839
宇都宮市,92011,瑞穂野南小学校,ミズホノミナミショウガッコウ,栃木県宇都宮市西刑部町444,028-656-1589,,1,,36.49228121,139.9403363
宇都宮市,92011,瑞穂台小学校,ミズホダイショウガッコウ,栃木県宇都宮市瑞穂１-22,028-656-4645,1,1,,36.5113771,139.9220572
宇都宮市,92011,瑞穂野中学校,ミズホノチュウガッコウ,栃木県宇都宮市下桑島町1078,028-656-1586,1,1,,36.50717354,139.9300532
宇都宮市,92011,瑞穂野地区市民センター,ミズホノチクシミンセンター,栃木県宇都宮市下桑島町1030-１,028-656-1580,,1,,36.50667638,139.9322783
宇都宮市,92011,海道小学校,カイドウショウガッコウ,栃木県宇都宮市海道町35-1,028-661-6620,,1,,36.59964115,139.9244387
宇都宮市,92011,豊郷南小学校,トヨサトミナミショウガッコウ,栃木県宇都宮市竹林町532,028-621-0443,,1,,36.58003599,139.907864
宇都宮市,92011,豊郷北小学校,トヨサトキタショウガッコウ,栃木県宇都宮市横山町411-3,028-665-0205,,1,,36.61805814,139.8805639
宇都宮市,92011,豊郷中学校,トヨサトチュウガッコウ,栃木県宇都宮市関堀町350,028-624-8201,1,1,,36.60035645,139.8973157
宇都宮市,92011,豊郷地区市民センター,トヨサトチクシミンセンター,栃木県宇都宮市岩曽町825-１,028-660-2340,1,1,,36.5878157,139.9029704
宇都宮市,92011,国本中央小学校,クニモトチュウオウショウガッコウ,栃木県宇都宮市宝木本町1864-１,028-665-0900,,1,,36.61426159,139.8392395
宇都宮市,92011,国本西小学校,クニモトニシショウガッコウ,栃木県宇都宮市新里町丁292,028-652-1186,1,1,,36.62553913,139.8222024
宇都宮市,92011,国本中学校,クニモトチュウガッコウ,栃木県宇都宮市 新里町丁1608-19,028-665-1146,,1,,36.61628225,139.8380368
宇都宮市,92011,城山中央小学校,シロヤマチュウオウショウガッコウ,栃木県宇都宮市大谷町1402,028-652-0036,,1,,36.59387429,139.8135641
宇都宮市,92011,明保小学校,メイホショウガッコウ,栃木県宇都宮市下荒針町3456-2,028-648-2200,1,1,,36.56870942,139.8387412
宇都宮市,92011,城山西小学校,シロヤマニシショウガッコウ,栃木県宇都宮市古賀志町583,028-652-0800,,1,,36.60953578,139.7641074
宇都宮市,92011,城山東小学校,シロヤマヒガシショウガッコウ,栃木県宇都宮市駒生町2360,028-652-0700,1,1,,36.59003052,139.8321898
宇都宮市,92011,宝木小学校,タカラギショウガッコウ,栃木県宇都宮市駒生町3364-29,028-624-0317,,1,,36.58282274,139.8493354
宇都宮市,92011,城山中学校,シロヤマチュウガッコウ,栃木県宇都宮市大谷町1423,028-652-0108,1,1,,36.59253486,139.812729
宇都宮市,92011,城山地区市民センター,シロヤマチクシミンセンター,栃木県宇都宮市大谷町1059-5,028-652-4794,1,1,,36.58908,139.825568
宇都宮市,92011,富屋小学校,トミヤショウガッコウ,栃木県宇都宮市徳次郎町66-１,028-665-0009,1,1,,36.64528429,139.8486223
宇都宮市,92011,晃陽中学校,コウヨウチュウガッコウ,栃木県宇都宮市徳次郎町1964,028-665-0042,1,1,,36.65599328,139.8393331
宇都宮市,92011,富屋地区市民センター,トミヤチクシミンセンター,栃木県宇都宮市徳次郎町80-2,028-665-0002,1,1,,36.64472,139.847495
宇都宮市,92011,篠井小学校,シノイショウガッコウ,栃木県宇都宮市下小池町569-37,028-669-2102,1,1,,36.68180228,139.8129978
宇都宮市,92011,篠井地区市民センター,シノイチクシミンセンター,栃木県宇都宮市下小池町466-１,028-669-2101,1,1,,36.68026219,139.8110796
宇都宮市,92011,姿川中央小学校,スガタガワチュウオウショウガッコウ,栃木県宇都宮市下砥上町121,028-658-2397,1,1,,36.52771717,139.8416317
宇都宮市,92011,姿川第一小学校,スガタガワダイイチショウガッコウ,栃木県宇都宮市西川田本町3-11-15,028-658-0419,1,1,,36.51130279,139.8430626
宇都宮市,92011,姿川第二小学校,スガタガワダイニショウガッコウ,栃木県宇都宮市砥上町52,028-648-3429,1,1,,36.54463084,139.8468557
宇都宮市,92011,姿川中学校,スガタガワチュウガッコウ,栃木県宇都宮市西川田町1038,028-658-2203,1,1,,36.53611653,139.8567218
宇都宮市,92011,姿川地区市民センター,スガタガワチクシミンセンター,栃木県宇都宮市西川田町805-1,028-658-1594,1,1,,36.53594838,139.8544652
宇都宮市,92011,雀宮中央小学校,スズメノミヤチュウオウショウガッコウ,栃木県宇都宮市雀の宮3-10-13,028-653-0005,1,1,,36.49190466,139.8742394
宇都宮市,92011,雀宮東小学校,スズメノミヤヒガシショウガッコウ,栃木県宇都宮市下反町町256-１,028-653-0059,,1,,36.48569574,139.8877191
宇都宮市,92011,雀宮南小学校,スズメノミヤミナミショウガッコウ,栃木県宇都宮市南町3-3,028-654-0049,1,1,,36.48203607,139.8657778
宇都宮市,92011,五代小学校,ゴダイショウガッコウ,栃木県宇都宮市五代2-22-33,028-653-8531,1,1,,36.49580971,139.8645233
宇都宮市,92011,新田小学校,シンデンショウガッコウ,栃木県宇都宮市針ケ谷1-18-21,028-653-5288,1,1,,36.49437719,139.8522078
宇都宮市,92011,雀宮中学校,スズメノミヤチュウガッコウ,栃木県宇都宮市雀の宮7-28-16,028-653-0379,1,1,,36.48794609,139.8629277
宇都宮市,92011,若松原中学校,ワカマツハラチュウガッコウ,栃木県宇都宮市若松原3-19-27,028-655-0679,1,1,,36.49978133,139.8630781
宇都宮市,92011,雀宮地区市民センター,スズメノミヤチクシミンセンター,栃木県宇都宮市新富町9-4,028-654-1013,1,1,,36.48619098,139.8733724
宇都宮市,92011,雀宮南地区学習等併用施設,スズメノミヤミナミチクガクシュウトウヘイヨウシセツ,栃木県宇都宮市南町6-3,028-653-6396,1,1,,36.48250263,139.8643887
宇都宮市,92011,雀宮体育館,スズメノミヤタイイクカン,栃木県宇都宮市南町6-3,028-655-0058,1,1,,36.48214,139.864889
宇都宮市,92011,上河内東小学校,カミカワチヒガシショウガッコウ,栃木県宇都宮市下小倉町1302,028-674-2106,,1,,36.68892218,139.9141779
宇都宮市,92011,上河内西小学校,カミカワチニシショウガッコウ,栃木県宇都宮市関白町471,028-674-2011,1,1,,36.68389369,139.8883297
宇都宮市,92011,上河内中学校,カミカワチチュウガッコウ,栃木県宇都宮市中里町162,028-674-2108,1,1,,36.68422247,139.9019909
宇都宮市,92011,上河内中央小学校,カミカワチチュウオウショウガッコウ,栃木県宇都宮市中里町201-1,028-674-2018,1,1,,36.68182775,139.9028721
宇都宮市,92011,上河内体育館,カミカワチタイイクカン,栃木県宇都宮市中里町182-1,028-674-3290,1,1,,36.68177688,139.9016183
宇都宮市,92011,上河内地区市民センター,カミカワチチクシミンセンター,栃木県宇都宮市中里町181-3,028-674-3131,,1,,36.68310339,139.9012344
宇都宮市,92011,岡本小学校,オカモトショウガッコウ,栃木県宇都宮市中岡本町2623,028-673-1831,1,1,,36.60202755,139.9530683
宇都宮市,92011,岡本西小学校,オカモトニシショウガッコウ,栃木県宇都宮市中岡本町3709-2,028-673-2015,1,1,,36.60680589,139.9317421
宇都宮市,92011,岡本北小学校,オカモトキタショウガッコウ,栃木県宇都宮市中岡本町2481-1,028-673-5811,1,1,,36.61242044,139.9516047
宇都宮市,92011,白沢小学校,シラサワショウガッコウ,栃木県宇都宮市白沢町1643,028-673-1817,1,1,,36.63689484,139.9397688
宇都宮市,92011,田原小学校,タワラショウガッコウ,栃木県宇都宮市上田原町355,028-673-2020,1,1,,36.64054193,139.9037216
宇都宮市,92011,田原西小学校,タワラニシショウガッコウ,栃木県宇都宮市立伏町8-1,028-672-3170,1,1,,36.64348979,139.8862555
宇都宮市,92011,古里中学校,フルサトチュウガッコウ,栃木県宇都宮市中岡本町3130,028-673-1815,1,1,,36.61754326,139.9449256
宇都宮市,92011,河内中学校,カワチチュウガッコウ,栃木県宇都宮市中岡本町3743,028-673-3722,1,1,,36.60848016,139.9311713
宇都宮市,92011,田原中学校,タワラチュウガッコウ,栃木県宇都宮市下田原町1722,028-672-0008,1,1,,36.63799756,139.9047066
宇都宮市,92011,河内地区市民センター,カワチチクシミンセンター,栃木県宇都宮市中岡本町3221-4,028-671-3202,1,1,,36.61619127,139.9430543
宇都宮市,92011,岡本コミュニティプラザ,オカモトコミュニティプラザ,栃木県宇都宮市下岡本町1954-10,028-673-6500,1,1,,36.59769725,139.9439081
宇都宮市,92011,田原コミュニティプラザ,タワラコミュニティプラザ,栃木県宇都宮市上田原町1,028-672-4000,1,1,,36.63597355,139.9086856
宇都宮市,92011,陽東小学校,ヨウトウショウガッコウ,栃木県宇都宮市陽東2-16-36,028-661-2100,1,1,,36.55223684,139.926871
宇都宮市,92011,豊郷中央小学校,トヨサトチュウオウショウガッコウ,栃木県宇都宮市関堀町337,028-624-8202,1,1,,36.597873,139.8985077
宇都宮市,92011,豊郷南小学校,トヨサトミナミショウガッコウ,栃木県宇都宮市竹林町532,028-621-0443,1,1,,36.58003715,139.9078071
宇都宮市,92011,東市民活動センター,ヒガシシミンカツドウセンター,栃木県宇都宮市中今泉3-5-1,028-638-5784,1,1,,36.56849641,139.9081832
宇都宮市,92011,城東小学校,ジョウトウショウガッコウ,栃木県宇都宮市城東2-5-17,028-635-9534,1,1,,36.55070847,139.9033791
宇都宮市,92011,中央市民活動センター,チュウオウシミンカツドウセンター,栃木県宇都宮市中央1-1-13,028-632-6331,1,1,,36.5594267,139.882663
宇都宮市,92011,青少年活動センター,セイショウネンカツドウセンター,栃木県宇都宮市今泉町3007,028-663-3155,1,1,,36.57317375,139.9157723
宇都宮市,92011,北市民活動センター,キタシミンカツドウセンター,栃木県宇都宮市若草3-12-25,028-622-7093,1,1,,36.58730499,139.8615995
宇都宮市,92011,晃宝小学校,コウホウショウガッコウ,栃木県宇都宮市宝木本町1263-1,028-665-5295,1,1,,36.60650052,139.8542811
宇都宮市,92011,国本地区市民センター,クニモトチクシミンセンター,栃木県宇都宮市宝木本町1868-1,028-665-1041,1,1,,36.61507123,139.839651
宇都宮市,92011,ゆいの杜小学校,ユイノモリショウガッコウ,栃木県宇都宮市ゆいの杜3-15-30,028-612-8070,1,1,,36.57149242,139.9915058
小山市,9208,小山第一小学校,おやまだいいちしょうがっこう,小山市宮本町1-3-1,0285-22-0074,1,,319,36.313724,139.798962
小山市,9208,小山第二小学校,おやまだいにしょうがっこう,小山市宮本町2-9-20,0285-22-0079,1,,295,36.31022,139.799281
小山市,9208,小山第三小学校,おやまだいさんしょうがっこう,小山市神鳥谷4-7-51,0285-24-2355,1,,303,36.296415,139.788234
小山市,9208,小山城南小学校,おやまじょうなんしょうがっこう,小山市西城南5-29-1,0285-27-7162,1,,303,36.294459,139.798003
小山市,9208,旭小学校,あさひしょうがっこう,小山市駅南町5-6-69,0285-27-6883,1,,303,36.305086,139.814467
小山市,9208,小山城北小学校,おやまじょうほくしょうがっこう,小山市城北5-18-1,0285-22-3081,1,,302,36.324225,139.820062
小山市,9208,若木小学校,わかぎしょうがっこう,小山市若木町2-6-44,0285-25-6467,1,,235,36.326449,139.805435
小山市,9208,東城南小学校,ひがしじょうなんしょうがっこう,小山市東城南2-6-44,0285-38-6328,1,,422,36.29275,139.81495
小山市,9208,小山城東小学校,おやまじょうとうしょうがっこう,小山市城東1-16-1,0285-25-2882,1,,368,36.30777,139.816265
小山市,9208,大谷東小学校,おおやひがししょうがっこう,小山市横倉新田271,0285-27-0694,1,,303,36.27929,139.822341
小山市,9208,大谷南小学校,おおやみなみしょうがっこう,小山市東野田2147,0285-28-0009,1,,377,36.253081,139.805675
小山市,9208,大谷北小学校,おおやきたしょうがっこう,小山市犬塚5-6-10,0285-22-0268,1,,303,36.306741,139.833254
小山市,9208,間々田小学校,ままだしょうがっこう,小山市間々田1512,0285-45-0022,1,,324,36.26915,139.76405
小山市,9208,乙女小学校,おとめしょうがっこう,小山市乙女1954,0285-45-4114,1,,303,36.262811,139.749317
小山市,9208,間々田東小学校,ままだひがししょうがっこう,小山市間々田57-2,0285-45-1720,1,,329,36.257146,139.777389
小山市,9208,下生井小学校,しもなまいしょうがっこう,小山市下生井1546,0280-55-0372,1,,265,36.2474,139.708968
小山市,9208,網戸小学校,あじとしょうがっこう,小山市網戸1514,0285-45-1732,1,,266,36.270832,139.743029
小山市,9208,寒川小学校,さむかわしょうがっこう,小山市中里861,0285-38-1009,1,,199,36.293086,139.735884
小山市,9208,豊田南小学校,とよだみなみしょうがっこう,小山市松沼668,0285-37-0014,1,,248,36.346237,139.771718
小山市,9208,豊田北小学校,とよだきたしょうがっこう,小山市大本808,0285-37-0015,1,,248,36.359156,139.785378
小山市,9208,穂積小学校,ほづみしょうがっこう,小山市萩島27,0285-38-2005,1,,362,36.312308,139.771797
小山市,9208,中小学校,なかしょうがっこう,小山市南小林109,0285-38-0649,1,,292,36.318207,139.738142
小山市,9208,羽川小学校,はねかわしょうがっこう,小山市羽川125,0285-22-0186,1,,298,36.354195,139.827977
小山市,9208,羽川西小学校,はねかわにししょうがっこう,小山市黒本771-2,0285-25-3022,1,,349,36.357328,139.809431
小山市,9208,萱橋小学校,かやばししょがっこう,小山市萱橋1169-1,0285-49-1185,1,,199,36.329562,139.868526
小山市,9208,絹義務教育学校（旧福良小,きぬぎむきょういくがっこう（きゅうふくらしょう,小山市福良2246,0285-49-0142,1,,248,36.33035,139.896095
小山市,9208,旧梁小学校,きゅうやなしょうがっこう,小山市梁67,0296-33-3665,1,,377,36.313366,139.891172
小山市,9208,旧延島小学校,きゅうのぶしましょうがっこう,小山市延島1019,0285-49-0004,1,,300,36.349005,139.898176
小山市,9208,小山中学校,おやまちゅうがっこう,小山市渋井779-1,0285-22-0168,1,,443,36.332521,139.802038
小山市,9208,小山第二中学校,おやまだいにちゅうがっこう,小山市天神町1-6-36,0285-22-0089,1,,350,36.306207,139.798162
小山市,9208,小山第三中学校,おやまだいさんちゅうがっこう,小山市犬塚3-29-1,0285-25-5745,1,,445,36.314846,139.832414
小山市,9208,小山城南中学校,おやまじょうなんちゅうがっこう,小山市東城南1-22-9,0285-27-5800,1,,412,36.295286,139.811189
小山市,9208,大谷中学校,おおやちゅうがっこう,小山市横倉新田97,0285-27-0252,1,,446,36.275364,139.822061
小山市,9208,間々田中学校,ままだちゅうがっこう,小山市間々田2364,0285-45-0062,1,,358,36.27647,139.766566
小山市,9208,乙女中学校,おとめちゅうがっこう,小山市乙女1731,0285-45-3600,1,,362,36.262839,139.754946
小山市,9208,豊田中学校,とよだちゅうがっこう,小山市松沼397,0285-37-0004,1,,437,36.346425,139.781703
小山市,9208,美田中学校,みたちゅうがっこう,小山市下国府塚287,0285-38-2006,1,,455,36.317263,139.761494
小山市,9208,桑中学校,くわちゅうがっこう,小山市出井1859,0285-22-0187,1,,446,36.345217,139.830615
小山市,9208,絹義務教育学校(旧絹中,きぬぎむきょういくがっこう（きゅうきぬちゅう,小山市福良2240-1,0285-49-0141,1,,331,36.329122,139.895254
小山市,9208,小山高等学校,おやまこうとうがっこう,小山市若木町2-8-51,0285-22-0236,1,,877,36.328331,139.806394
小山市,9208,小山西高等学校,おやまにしこうとうがっこう,小山市松沼741,0285-37-1188,1,,1709,36.352,139.768802
小山市,9208,小山城南高等学校,おやまじょうなんこうとうがっこう,小山市西城南4-26-1,0285-27-1245,1,,1096,36.29303,139.803117
小山市,9208,小山南高等学校,おやまみなみことうがっこう,小山市間々田23-1,0285-45-2424,1,,1428,36.258616,139.780505
小山市,9208,小山北桜高等学校,おやまほくおうこうとうがっこう,小山市東山田448-29,0285-49-2932,1,,638,36.355938,139.865168
小山市,9208,勤労青少年ホーム,きんろうせいしょうねんほーむ,小山市犬塚3-1-2,0285-23-3402,1,,415,36.313834,139.827337
小山市,9208,白鴎大学本キャンパス,はくおうだいがくほんきゃんぱす,小山市大行寺1117,0285-22-1111,1,,738,36.315676,139.793544
小山市,9208,白鴎大学東キャンパス,はくおうだいがくひがしきゃんぱす,小山市駅東通り2-2-2,0285-22-8900,1,,320,36.311975,139.807491
小山市,9208,小山工業高等専門学校,おやまこうぎょうこうとうせんもんがっこう,小山市中久喜771,0285-20-2100,1,,553,36.31831,139.842085
小山市,9208,関東職業能力開発大学校,かんとうしょくぎょうのうりょくかいはつだいがっこう,小山市横倉612-1,0285-31-1711,1,,391,36.282251,139.82955
小山市,9208,小山市立文化センター,おやましりつぶんかせんたー,小山市中央町1-1-1,0285-22-9552,1,,201,36.313528,139.800009
小山市,9208,（福）紫雲会花見ヶ丘学園,はなみがおかがくえん,小山市東野田635,0285-31-3033,,1,30,36.246649,139.799234
小山市,9208,（福）彰義重政会一桃舎,いっとうしゃ,小山市間々田751−8,0285-45-7199,,1,5,36.271148,139.777043
小山市,9208,（福）孝友会ひらわの郷,ひらわのさと,小山市平和256,0285-38-8558,,1,10,36.256397,139.77378
小山市,9208,（福）孝友会グループホームひらわ,ぐるーぷほーむひらわ,小山市平和256,0285-38-8558,,1,5,36.256397,139.77378
小山市,9208,（福）延寿会春わらう舎,はるわらうしゃ,小山市小山1509-1 ,0285-28-0200,,1,10,36.301513,139.818174
小山市,9208,（福）小山清風会しょうし苑,しょうしえん,小山市中久喜1273-1,0285-23-1008,,1,10,36.32368,139.834406
小山市,9208,（福）小山清風会デイサービスセンターコスモス,でいさーびすせんたーこすもす,小山市中久喜1620-1,0285-38-9151,,1,2,36.322925,139.834311
小山市,9208,（NPO）小山そよかぜ小山ひまわり,おやまひまわり,小山市城山町2-2-10,0285-24-0089,,1,10,36.31621,139.8026
小山市,9208,（福）薫風会富士見荘,ふじみそう,小山市上石塚15,0285-38-3232,,1,10,36.332604,139.776344
小山市,9208,（福）薫風会初田郷富士見荘,はつたごうふじみそう,小山市下初田537-2,0285-33-3223,,1,10,36.328285,139.749019
小山市,9208,（医）光風会晃南,こうなん,小山市乙女795,0285-45-8225,,1,50,36.252156,139.745809
小山市,9208,（医）光風会デイサービスわかば,でいさーびすわかば,小山市乙女795,0285-45-8225,,1,35,36.252156,139.745809
小山市,9208,（医）さくら会さくら野,さくらの,小山市卒島110,0285-37-1110,,1,10,36.338693,139.778082
小山市,9208,（医）さくら会グループホームさくらの家,ぐるーぷほーむさくらのいえ,小山市卒島110,0285-37-1110,,1,2,36.338113,139.777551
小山市,9208,（医）信誠会苅部太陽の家,かりべたいようのいえ,小山市南飯田317-5,0285-41-1311,,1,10,36.245973,139.768709
小山市,9208,（福）洗心会サンフラワーグリーンホーム,さんふらわーぐりーんほーむ,小山市出井1939,0285-20-3232,,1,3,36.333776,139.837111
小山市,9208,（福）洗心会サンフラワーケアセンター,さんふらわーけあせんたー,小山市出井1933-1,0285-22-6644,,1,3,36.33554,139.837156
小山市,9208,（福）洗心会サンフラワーガーデン,さんふらわーがーでん,小山市出井1938,0285-22-6644,,1,4,36.334526,139.836983
小山市,9208,（福）洗心会サンフラワーショートステイ,さんふらわーしょーとすてい,小山市出井1936,0285-22-1109,,1,2,36.335451,139.836142
小山市,9208,（福）洗心会サンフラワー療護園,さんふらわーりょうごえん,小山市出井1936,0285-22-1109,,1,4,36.335451,139.836142
小山市,9208,（福）洗心会サンフラワーワークセンター,さんふらわーわーくせんたー,小山市出井1931,0285-22-1080,,1,5,36.335806,139.837222
小山市,9208,（福）洗心会こばと保育園,こばとほいくえん,小山市雨ケ谷417,0285-27-0209,,1,10,36.283192,139.811836
小山市,9208,（福）洗心会こばとキッズ,こばときっず,小山市出井1931-1,0285-25-2815,,1,30,36.335596,139.835596
小山市,9208,（福）洗心会　間々田保育園,ままだほいくえん,小山市間々田924-1,0285-41-1101,,1,20,36.268031,139.768247
小山市,9208,（福）ソフィア会おはようの家,おはようのいえ,小山市三拝川岸127-1,0285-37-6123,,1,6,36.353529,139.815787
小山市,9208,（福）ソフィア会えいぶるの里,えいぶるのさと,小山市東島田2403-2,0285-22-4561,,1,6,36.350135,139.81026
茂木町,9343,茂木町民センター,もてぎちょうみんせんたー,茂木町茂木151,0285-63-1137,1,,300,36.530957,140.186429
茂木町,9343,茂木町民体育館,もてぎちょうみんたいいくかん,茂木町小井戸2664-1,0285-63-5333,1,,1000,36.544562,140.175076
茂木町,9343,茂木小学校,もてぎしょうがっこう,茂木町茂木1621,0285-63-1217,1,,500,36.531433,140.184109
茂木町,9343,茂木中学校,もてぎちゅうがっこう,茂木町茂木72,0285-63-1218,1,,500,36.533562,140.194291
茂木町,9343,県立茂木高等学校,もてぎこうとうがっこう,茂木町茂木288,0285-63-1201,1,,500,36.531631,140.189517
茂木町,9343,逆川小学校,さかがわしょうがっこう,茂木町飯2210,0285-65-0121,1,,200,36.469471,140.174341
茂木町,9343,逆川中学校,さかがわちゅうがっこう,茂木町飯1650,0285-65-0011,1,,200,36.472202,140.170677
茂木町,9343,中川小学校,なかがわしょうがっこう,茂木町牧野1861,0285-62-0123,1,,300,36.579385,140.210352
茂木町,9343,中川中学校,なかがわちゅうがっこう,茂木町河井856,0285-63-0424,1,,200,36.569778,140.217583
茂木町,9343,須藤小学校,すとうしょうがっこう,茂木町千本457,0285-63-0457,1,,300,36.568468,140.149251
茂木町,9343,道の駅もてぎ,みちのえきもてぎ,茂木町茂木1090-1,0285-63-5671,1,,200,36.527786,140.172863
茂木町,9343,元気アップ館,げんきあっぷかん,茂木町茂木1043-1,0285-63-2555,1,,200,36.526346,140.170272
市貝町,9344,市貝町役場,いちかいまちやくば,市貝町大字市塙1280,0285-68-1111,1,,100,36.543062,140.102119
市貝町,9344,市貝町中央公民館,いちかいまちちゅうおうこうみんかん,市貝町大字上根1577,0285-68-0020,1,,1500,36.529886,140.090009
市貝町,9344,市貝町保健福祉センター,いちかいまちほけんふくしせんたー,市貝町大字市塙1720-1,0285-68-1133,1,,300,36.539898,140.109383
市貝町,9344,市貝町ふれあい館,いちかいまちふれあいかん,市貝町大字赤羽2648-1,0285-68-0020,1,,100,36.515759,140.066486
市貝町,9344,市貝町きら里館,いちかいまちきらりかん,市貝町大字杉山118-7,0285-68-0020,1,,50,36.580488,140.108385
市貝町,9344,市貝中学校,いちかいちゅうがっこう,市貝町大字市塙4072,0285-68-1119,1,,500,36.54507,140.107291
市貝町,9344,市貝小学校,いちかいしょうがっこう,市貝町大字市塙2184,0285-68-1119,1,,300,36.534261,140.105166
市貝町,9344,赤羽小学校,あかばねしょうがっこう,市貝町大字赤羽2711,0285-68-1119,1,,300,36.515362,140.067959
市貝町,9344,小貝小学校,こかいしょうがっこう,市貝町大字文谷1188,0285-68-1119,1,,300,36.534261,140.105252
市貝町,9344,旧小貝中央小学校,きゅうこかいちゅうおうしょうがっこう,市貝町大字続谷1143-3,0285-68-1111,1,,300,36.586518,140.112548
市貝町,9344,市貝町役場,いちかいまちやくば,市貝町大字市塙1280,0285-68-1111,1,,100,36.543062,140.102119
市貝町,9344,市貝町中央公民館,いちかいまちちゅうおうこうみんかん,市貝町大字上根1577,0285-68-0020,1,,1500,36.529886,140.090009
市貝町,9344,市貝町保健福祉センター,いちかいまちほけんふくしせんたー,市貝町大字市塙1720-1,0285-68-1133,1,,300,36.539898,140.109383
市貝町,9344,市貝町ふれあい館,いちかいまちふれあいかん,市貝町大字赤羽2648-1,0285-68-0020,1,,100,36.515759,140.066486
市貝町,9344,市貝町きら里館,いちかいまちきらりかん,市貝町大字杉山118-7,0285-68-0020,1,,50,36.580488,140.108385
市貝町,9344,市貝中学校,いちかいちゅうがっこう,市貝町大字市塙4072,0285-68-1119,1,,500,36.54507,140.107291
市貝町,9344,市貝小学校,いちかいしょうがっこう,市貝町大字市塙2184,0285-68-1119,1,,300,36.534261,140.105166
市貝町,9344,赤羽小学校,あかばねしょうがっこう,市貝町大字赤羽2711,0285-68-1119,1,,300,36.515362,140.067959
市貝町,9344,小貝小学校,こかいしょうがっこう,市貝町大字文谷1188,0285-68-1119,1,,300,36.534261,140.105252
市貝町,9344,旧小貝中央小学校,きゅうこかいちゅうおうしょうがっこう,市貝町大字続谷1143-3,0285-68-1111,1,,300,36.586518,140.112548
益子町,93424,田野中学校,たのちゅうがっこう,栃木県益子町大字長堤402,0285-72-2539,,,"1,500",36.43043311,140.0861293
益子町,93424,田野小学校,たのしょうがっこう,栃木県益子町大字長堤400,0285-72-2536,,,"1,300",36.42929306,140.0854883
益子町,93424,農村環境改善センター,のうそんかんきょうかいぜんせんたー,栃木県益子町大字前沢490-1,0285-72-0139,,,500,36.4351448,140.0916258
益子町,93424,益子中学校,ましこちゅうがっこう,栃木県益子町大字益子3618,0285-72-2069,,,"2,200",36.46962716,140.0996855
益子町,93424,益子小学校,ましこしょうがっこう,栃木県益子町大字益子4665,0285-72-2014,,,"1,700",36.46033277,140.0977155
益子町,93424,益子西小学校,ましこにししょうがっこう,栃木県益子町大字塙1344,0285-72-2532,,,"1,500",36.46653852,140.082076
益子町,93424,フォレストイン益子,ふぉれすといんましこ,栃木県益子町大字益子4231,0285-70-3305,,,300,36.4668527,140.1184934
益子町,93424,益子町民会館,ましこちょうみんかいかん,栃木県益子町大字益子3667-3,0285-72-3101,,,"1,400",36.4701644,140.0987943
益子町,93424,益子町総合体育館,ましこまちそうごうたいいくかん,栃木県益子町大字益子3667-3,0285-70-2727,,,"1,200",36.4704232,140.0994993
益子町,93424,益子町保健センター,ましこまちほけんせんたー,栃木県益子町大字益子1591-3,0285-70-1121,,,200,36.4635795,140.0892127
益子町,93424,県立益子芳星高校,けんりつましこほうせいこうこう,栃木県益子町大字塙2382-1,0285-72-5525,,,"2,400",36.4888079,140.0857898
益子町,93424,七井中学校,なないちゅうがっこう,栃木県益子町大字七井371,0285-72-2722,,,"1,600",36.49774854,140.1082044
益子町,93424,七井小学校,なないしょうがっこう,栃木県益子町大字大沢202,0285-72-2404,,,"1,300",36.49406149,140.1026356
益子町,93424,あぐり館,あぐりかん,栃木県益子町大字大沢3535,0285-72-9710,,,200,36.4948475,140.1140003
益子町,93424,北運動場体育館,きたうんどうじょうたいいくかん,栃木県益子町大字大沢3535,0285-72-9710,,,500,36.4947736,140.1146338
益子町,93424,芳賀青年の家,はがせいねんのいえ,栃木県益子町大字益子4470,0285-72-2273,,,300,36.4511272,140.1151181
矢板市,92118,矢板小学校,やいたしょうがっこう,矢板市本町４−２３,0287-43-0043,1,,453,36.86712,139.92662
矢板市,92118,東小学校,ひがししょうがっこう,矢板市東町６１６,0287-44-2515,1,,271,36.80107,139.93662
矢板市,92118,矢板中学校,やいたちゅうがっこう,矢板市上町２０−７,0287-43-0144,1,,693,36.81507,139.92418
矢板市,92118,矢板東高校,やいたひがしこうこう,矢板市東町４−８,0287-43-1243,1,,791,36.80175,139.93951
矢板市,92118,矢板中央高校,やいたちゅうおうこうこう,矢板市扇町二丁目１５１９,0287-43-0447,1,,801,36.81567,139.92914
矢板市,92118,生涯学習館,しょうがいがくしゅうかん,矢板市矢板１０６−２,0287-43-6218,1,,227,36.80543,139.92294
矢板市,92118,矢板公民館,やいたこうみんかん,矢板市矢板１０３−１,0287-43-0469,1,,130,36.80579,139.92372
矢板市,92118,きずな館,きずなかん,矢板市扇町二丁目４−１９,0287-44-3000,1,,26,36.8126,139.9318
矢板市,92118,市武道館,しぶどうかん,矢板市本町２−２２,0287-44-1808,1,,427,36.80746,139.92887
矢板市,92118,安沢小学校,あんざわしょうがっこう,矢板市安沢１４８２,0287-48-1005,1,,286,36.78456,139.95156
矢板市,92118,片岡小学校,かたおかしょうがっこう,矢板市片岡２０９５,0287-48-0510,1,,271,36.75555,139.94381
矢板市,92118,乙畑小学校,おつはたしょうがっこう,矢板市乙畑１９０２,0287-48-0610,1,,202,36.7374,139.95464
矢板市,92118,片岡中学校,かたおかちゅうがっこう,矢板市片岡２１３９,0287-48-0410,1,,507,36.76473,139.94864
矢板市,92118,矢板市コミュニティホール,やいたしこみゅにてぃほーる,矢板市片岡２０９８−３,0287-48-0101,1,,209,36.7572,139.94686
矢板市,92118,片岡トレーニングセンター,かたおかとれーにんぐせんたー,矢板市片岡１１４３−１,0287-48-0680,1,,618,36.76408,139.94154
矢板市,92118,川崎小学校,かわさきしょうがっこう,矢板市木幡１６４６,0287-43-0265,1,,242,36.78859,139.92613
矢板市,92118,城の湯ふれあい館,しろのゆふれあいかん,矢板市幸岡１８,0287-43-2115,1,,50,36.79457,139.91764
矢板市,92118,豊田小学校,とよだしょうがっこう,矢板市豊田８０２,0287-43-0332,1,,199,36.80921,139.96989
矢板市,92118,日新体育館,にっしんたいいくかん,矢板市土屋６３５,,1,,305,36.83064,139.94285
矢板市,92118,農村環境改善センター,のうそんかんきょうかいぜんせんたー,矢板市沢７８３,0287-43-4675,1,,186,36.82275,139.95861
矢板市,92118,泉小学校,いずみしょうがっこう,矢板市泉３７８,0287-43-0404,1,,234,36.84108,139.91273
矢板市,92118,長井体育館,ながいたいいくかん,矢板市長井１２４８,,1,,288,36.82747,139.89208
矢板市,92118,上伊佐野小学校,かみいさのしょうがっこう,矢板市上伊佐野７６１,,1,,288,36.87594,139.91615
矢板市,92118,泉中学校,いずみちゅうがっこう,矢板市泉５２６,0287-43-0407,1,,478,36.84532,139.91088
矢板市,92118,泉はつらつ館,いずみはつらつかん,矢板市泉３９６−１,0287-43-2231,1,,86,36.84438,139.91796
芳賀町,93459,芳賀町立芳賀東小学校,はがちょうりつはがひがししょうがっこう,祖母井388番地,286776098,1,,284,36.54773565,140.0632326
芳賀町,93459,ﾃﾞｲｻｰﾋﾞｽｾﾝﾀｰすこやか南高,でいさーびすせんたーすこやかなんたか,上稲毛田825番地,285838941,1,1,163,36.59343087,140.0777794
芳賀町,93459,芳賀町生涯学習センター,はがまちしょうがいがくしゅうせんたー,下高根沢2552番地,286770009,1,,176,36.569788,140.03752
芳賀町,93459,芳賀町立芳賀南小学校,はがちょうりつはがみなみしょうがっこう,西水沼41番地,286776098,1,,422,36.52170151,140.0274257
芳賀町,93459,旧芳賀町立水沼小学校,きゅうはがちょうりつみずぬましょうっがこう,西水沼2254番地,286776011,1,,78,36.5415598,140.0201289
芳賀町,93459,芳賀町立芳賀中学校,はがちょうりつはがちゅうがっこう,与能855番地1,286776098,1,,454,36.53926368,140.0375602
芳賀町,93459,芳賀町第２体育館,はがまちだい２たいいくかん,与能861番地1,286775155,1,,499,36.54008583,140.038249
芳賀町,93459,芳賀温泉ロマンの湯,はがおんせんろまんのゆ,上延生160番地,286774126,1,,100,36.55259853,140.0567913
芳賀町,93459,芳賀町工業団地管理センター,はがまちこうぎょうだんちかんりせんたー,芳賀台98番地,286775033,1,,375,36.56420153,140.0119696
芳賀町,93459,芳賀町立芳賀北小学校,はがちょうりつはがきたしょうがっこう,芳志戸1030番地,286776098,1,,363,36.57626537,140.0494548
芳賀町,93459,芳賀町民会館,はがちょうみんかいかん,祖母井548番地1,286770009,1,,165,36.5481797,140.0605912
茂木町,9343,茂木町民センター,もてぎちょうみんせんたー,茂木町茂木151,0285-63-1137,1,,300,36.530957,140.186429
茂木町,9343,茂木町民体育館,もてぎちょうみんたいいくかん,茂木町小井戸2664-1,0285-63-5333,1,,1000,36.544562,140.175076
茂木町,9343,茂木小学校,もてぎしょうがっこう,茂木町茂木1621,0285-63-1217,1,,500,36.531433,140.184109
茂木町,9343,茂木中学校,もてぎちゅうがっこう,茂木町茂木72,0285-63-1218,1,,500,36.533562,140.194291
茂木町,9343,県立茂木高等学校,もてぎこうとうがっこう,茂木町茂木288,0285-63-1201,1,,500,36.531631,140.189517
茂木町,9343,逆川小学校,さかがわしょうがっこう,茂木町飯2210,0285-65-0121,1,,200,36.469471,140.174341
茂木町,9343,中川小学校,なかがわしょうがっこう,茂木町河井856,0285-63-0101,1,,200,36.569778,140.217583
茂木町,9343,須藤小学校,すとうしょうがっこう,茂木町千本457,0285-63-0457,1,,300,36.568468,140.149251
茂木町,9343,道の駅もてぎ,みちのえきもてぎ,茂木町茂木1090-1,0285-63-5671,1,,200,36.527786,140.172863
茂木町,9343,元気アップ館,げんきあっぷかん,茂木町茂木1043-1,0285-63-2555,1,,200,36.526346,140.170272
那珂川町,94111,馬頭総合福祉センター,ばとうふくしせんたー,馬頭560-1,0287-92-1294,,,480,36.736176,140.173623
那珂川町,94111,総合体育館,そうごうたいいくかん,馬頭67-1,生涯学習課 0287-92-1135,,,530,36.739981,140.174001
那珂川町,94111,馬頭小学校,ばとうしょうがっこう,馬頭169,0287-92-2025,,,180,36.739369,140.168801
那珂川町,94111,馬頭中学校,ばとうちゅうがっこう,馬頭2558-1,0287-92-2399,,,330,36.74086023,140.1637624
那珂川町,94111,馬頭高等学校,ばとうこうこう,馬頭1299-2,0287-92-2009,,,400,36.73441693,140.1756755
那珂川町,94111,矢又集会所,やまたしゅうかいじょ,矢又547,産業振興課 0287-92-1113,,,40,36.72187147,140.1943229
那珂川町,94111,健武体育館,たけぶしゅうかいじょ,健武2146,生涯学習課 0287-92-1135,,,160,36.75043045,140.1904578
那珂川町,94111,ひばり認定こども園,ひばりにんていこどもえん,和見82-1,0287-92-2039,,,140,36.74610393,140.1625402
那珂川町,94111,和見集会所,わみしゅうかいじょ,和見2041-1,生涯学習課 0287-92-1135,,,30,36.75974805,140.1641087
那珂川町,94111,小口集会所,こぐちしゅうかいじょ,小口1177-1,産業振興課 0287-92-1113,,,50,36.76671794,140.1489571
那珂川町,94111,馬頭西体育館,ばとうにしたいいくかん,小口1728-53,生涯学習課 0287-92-1135,,,150,36.76835019,140.1450847
那珂川町,94111,北向田公民館,きたむかだこうみんかん,北向田89,生涯学習課 0287-92-1135,,,20,36.74627685,140.1525193
那珂川町,94111,久那瀬集会所,くなせしゅうかいじょ,久那瀬588,生涯学習課 0287-92-1135,,,30,36.72654503,140.1542302
那珂川町,94111,武茂体育館,むもたいいくかん,松野1647,生涯学習課 0287-92-1135,,,140,36.697624,140.170914
那珂川町,94111,松野集会所,まつのしゅうかいじょ,松野1351,生涯学習課 0287-92-1135,,,40,36.70742835,140.1674735
那珂川町,94111,富山集会所,とみやましゅうかいじょ,富山541-4,生涯学習課 0287-92-1135,,,40,36.696889,140.184885
那珂川町,94111,馬頭東小学校,ばとうひがししょうがっこう,大内1640,0287-92-2421,,,130,36.746731,140.235184
那珂川町,94111,大内地区生活改善センター,おおうちちくせいかつかいぜんせんたー,大内2422,生涯学習課 0287-92-1135,,,30,36.75959838,140.2218584
那珂川町,94111,緑の交流館,みどりのこうりゅうかん,大那地561-2,産業振興課 0287-92-1113,,,80,36.718597,140.269789
那珂川町,94111,谷川体育館,やかわたいいくかん,谷川1584-1,生涯学習課 0287-92-1135,,,140,36.77188073,140.2361915
那珂川町,94111,盛谷公民館,もりやこうみんかん,谷川17-2,生涯学習課 0287-92-1135,,,20,36.7736563,140.2368941
那珂川町,94111,大山田体育館,おおやまだたいいくかん,大山田下郷955,生涯学習課 0287-92-1135,,,150,36.80291897,140.2166369
那珂川町,94111,大山田下郷農村活性化施設,おおやまだしもごうのうそんかっせいかしせつ,大山田下郷4508,産業振興課 0287-92-1113,,,50,36.7750209,140.2113629
那珂川町,94111,大山田上郷生活改善センター,おおやまだかみごうせいかつかいぜんせんたー,大山田上郷941,生涯学習課 0287-92-1135,,,30,36.81201105,140.2134488
那珂川町,94111,旧馬頭西小学校,きゅうばとうにししょうがっこう,小砂2712,総務課 0287-92-1111,,,120,36.787619,140.161923
那珂川町,94111,小砂地区コミュニティセンター,こいさごちくこみゅにてぃせんたー,小砂836,生涯学習課 0287-92-1135,,,50,36.79566382,140.170139
那珂川町,94111,第一区公民館,だいいっくこうみんかん,小川3414,生涯学習課 0287-92-1135,,,15,36.77557463,140.1190745
那珂川町,94111,小川公民館,おがわこうみんかん,小川2524-1,0287-96-2322,,,150,36.764763,140.129345
那珂川町,94111,小川体育館,おがわたいいくかん,小川2785,生涯学習課 0287-92-1135,,,310,36.76138,140.128992
那珂川町,94111,小川総合福祉センター,おがわそうごうふくしせんたー,小川1065,0287-96-2111,,,460,36.76453655,140.136011
那珂川町,94111,小川小学校,おがわしょうがっこう,小川2846,0287-96-2049,,,140,36.760727,140.12947
那珂川町,94111,旧小川南小学校,きゅうおがわみなみしょうがっこう,谷田944,総務課 0287-92-1111,,,110,36.73337935,140.1349833
那珂川町,94111,第８区農村生活センター,だいはちくのうそんせいかつせんたー,片平184-1,生涯学習課 0287-92-1135,,,40,36.74429806,140.1221309
那珂川町,94111,三輪多目的集会所,みわたもくてきしゅうかいじょ,三輪535,生涯学習課 0287-92-1135,,,20,36.75978438,140.1135882
那珂川町,94111,後沢集落センター,うしろざわしゅうらくせんたー,東戸田292,生涯学習課 0287-92-1135,,,15,36.742134,140.090069
那珂川町,94111,小川中学校,おがわちゅうがっこう,小川3033,0287-96-2024,,,250,36.76266744,140.1232089
那珂川町,94111,旧薬利小学校,きゅうくずりしょうがっこう,薬利945,総務課 0287-92-1111,,,110,36.78189259,140.0947376
那珂川町,94111,上芳井公民館,かみよしいこうみんかん,芳井148,生涯学習課 0287-92-1135,,,20,36.78189835,140.0607199
那珂川町,94111,浄法寺公民館,じょうほうじこうみんかん,浄法寺882,生涯学習課 0287-92-1135,,,20,36.78553522,140.1072003
那珂川町,94111,特別養護老人ホーム　八溝の里,とくべつようごろうじんほーむ　やみぞのさと,久那瀬544-1,0287-92-0010,,1,災害により人数を調整,36.72626524,140.1514635
那珂川町,94111,特別養護老人ホーム　かたくりの郷,とくべつようごろうじんほーむ　かたくりのさと,小川2958-2,0287-96-6070,,1,災害により人数を調整,36.76079749,140.1197909
那珂川町,94111,小規模多機能型居宅介護施設　ひだまり,しょうきぼきのうがたきょたくかいごしせつ　ひだまり,馬頭2050-1,0287-92-8280,,1,災害により人数を調整,36.73552099,140.1616853
那珂川町,94111,小規模多機能型居宅介護施設　えにし苑,しょうきぼきのうがたきょたくかいごしせつ　えにしえん,谷川1609,0287-83-1512,,1,災害により人数を調整,36.77197164,140.2350275
那珂川町,94111,なかが和苑,なかがわえん,小口1728,0287-92-5511,,1,災害により人数を調整,36.7671902,140.1435838
那須塩原市,92134,黒磯小学校,くろいそしょうがっこう,那須塩原市豊町2-1,0287-60-1290,,,369,36.97004261,140.0533598
那須塩原市,92134,いきいきふれあいセンター,いきいきふれあいせんたー,那須塩原市桜町1-5,0287-60-1115,,1,563,36.97563081,140.051793
那須塩原市,92134,共英小学校,きょうえいしょうがっこう,那須塩原市共墾社99-11,0287-60-1295,,,255,36.96332677,140.0457885
那須塩原市,92134,稲村小学校,いなむらしょうがっこう,那須塩原市埼玉8,0287-60-1291,,,404,36.979,140.0297
那須塩原市,92134,東原小学校,ひがしはらしょうがっこう,那須塩原市東原4,0287-60-1292,,,361,36.9841,140.0332
那須塩原市,92134,埼玉小学校,さきたましょうがっこう,那須塩原市埼玉99,0287-60-1293,,,164,36.96276758,140.0226877
那須塩原市,92134,豊浦小学校,とようらしょうがっこう,那須塩原市豊浦17,0287-60-1294,,,248,36.96151879,140.0610734
那須塩原市,92134,鍋掛小学校,なべかけしょうがっこう,那須塩原市鍋掛1019,0287-60-1296,,,148,36.9458912,140.0932019
那須塩原市,92134,日新中学校,にっしんちゅうがっこう,那須塩原市鍋掛1087,0287-60-1009,,,362,36.9578,140.0742
那須塩原市,92134,旧 寺子小学校,きゅうてらごしょうがっこう,那須塩原市寺子1146-2,,,,704,36.96739736,140.1134186
那須塩原市,92134,大原間小学校,おおはらましょうがっこう,那須塩原市方京3-14-6,0287-67-1055,,,278,36.9308462,140.0119039
那須塩原市,92134,波立小学校,はったちしょうがっこう,那須塩原市波立228,0287-67-1056,,,147,36.95326228,139.9927102
那須塩原市,92134,高林小学校,たかばやししょうがっこう,那須塩原市高林483,0287-68-7118,,,310,36.98661015,139.9432713
那須塩原市,92134,青木小学校,あおきしょうがっこう,那須塩原市青木12,0287-62-1293,,,169,36.992447,139.9937251
那須塩原市,92134,黒磯中学校,くろいそちゅうがっこう,那須塩原市豊町5-3,0287-60-1010,,,415,36.96834298,140.0497491
那須塩原市,92134,厚崎中学校,あつさきちゅうがっこう,那須塩原市上厚崎385,0287-60-1008,,,317,36.9590519,140.0329592
那須塩原市,92134,黒磯北中学校,くろいそきたちゅうがっこう,那須塩原市埼玉6,0287-60-1012,,,445,36.9827,140.0224
那須塩原市,92134,東那須野中学校,ひがしなすのちゅうがっこう,那須塩原市島方689,0287-67-1166,,,405,36.93861737,140.0058263
那須塩原市,92134,高林中学校,たかばやしちゅうがっこう,那須塩原市箭坪353,0287-68-7116,,,480,37.00539939,139.9432788
那須塩原市,92134,石川スポーツグラウンドくろいそ武道館（くろいそ運動場武道館）,いしかわすぽーつぐらうんどくろいそぶどうかん（くろいそうんどうじょうぶどうかん）,那須塩原市上厚崎664,0287-60-1113,,,695,36.9595,140.0317
那須塩原市,92134,三島小学校,みしましょうがっこう,那須塩原市三島1-21,0287-36-0103,,,237,36.89455461,139.9756336
那須塩原市,92134,槻沢小学校,つきのきざわしょうがっこう,那須塩原市槻沢1,0287-36-0246,,,240,36.91082004,139.9977699
那須塩原市,92134,東小学校,ひがししょうがっこう,那須塩原市太夫塚1-193,0287-36-0066,,,504,36.88474225,139.9804114
那須塩原市,92134,南小学校,みなみしょうがっこう,那須塩原市二区町399,0287-36-0244,,,210,36.85578975,139.9716634
那須塩原市,92134,西小学校,にししょうがっこう,那須塩原市四区町662,0287-36-0243,,,432,36.8951,139.9516
那須塩原市,92134,大山小学校,おおやましょうがっこう,那須塩原市下永田8-7,0287-36-4192,,,266,36.8748,140.0011
那須塩原市,92134,三島中学校,みしまちゅうがっこう,那須塩原市東三島1-104,0287-36-0209,,,496,36.8991,139.9827
那須塩原市,92134,西那須野中学校,にしなすのちゅうがっこう,那須塩原市下永田4-3,0287-36-0146,,,488,36.8774,139.9867
那須塩原市,92134,西那須野公民館,にしなすのこうみんかん,那須塩原市太夫塚1-194-78,0287-36-1143,,1,290,36.88471965,139.9767451
那須塩原市,92134,狩野公民館,かりのこうみんかん,那須塩原市槻沢231,0287-37-3528,,1,213,36.90582649,139.9996561
那須塩原市,92134,南公民館,みなみこうみんかん,那須塩原市二区町401,0287-36-7341,,1,137,36.85505645,139.9697164
那須塩原市,92134,西公民館,にしこうみんかん,那須塩原市四区町661,0287-37-1677,,1,188,36.8956,139.9535
那須塩原市,92134,三島公民館,みしまこうみんかん,那須塩原市東三島6-337,0287-36-8531,,1,1362,36.9002,139.9708
那須塩原市,92134,大山公民館,おおやまこうみんかん,那須塩原市下永田8-7-86,0287-37-6130,,1,171,36.87319694,140.0020378
那須塩原市,92134,キョクトウ三島スポーツパーク（三島体育センター）,きょくとうみしますぽーつぱーく（みしまたいいくせんたー）,那須塩原市三島5丁目1,0287-36-4787,,,817,36.90087314,139.9685812
那須塩原市,92134,三和住宅にしなすのスポーツプラザ（にしなすの運動公園）,さんわじゅうたくにしなすのすぽーつぷらざ（にしなすのうんどうこうえん）,那須塩原市高柳10,0287-36-4785,,,2169,36.9001574,139.9890517
那須塩原市,92134,健康長寿センター,けんこうちょうじゅせんたー,那須塩原市南郷屋5-163,0287-38-1355,,,227,36.8975,139.988
那須塩原市,92134,宿泊体験館メープル,しゅくはくたいけんかんめーぷる,那須塩原市上塩原58-3,0287-32-2909,,,490,36.98111493,139.7928039
那須塩原市,92134,関谷小学校,せきやしょうがっこう,那須塩原市関谷2018-1,0287-35-2034,,,240,36.95226849,139.9024596
那須塩原市,92134,ハロープラザ,はろーぷらざ,那須塩原市関谷1266-4,0287-35-2006,,1,503,36.94508303,139.8964855
那須塩原市,92134,箒根中学校,ほうきねちゅうがっこう,那須塩原市関谷1251,0287-35-2023,,,357,36.94470537,139.8991269
那須塩原市,92134,旧　金沢小学校,きゅうかねざわしょうがっこう,那須塩原市金沢1969-2,,,,423,36.90978411,139.9003394
那須塩原市,92134,大貫小学校,おおぬきしょうがっこう,那須塩原市上大貫2077-2,0287-35-2251,,,147,36.89555865,139.9253129
那須塩原市,92134,横林小学校,よこばやししょうがっこう,那須塩原市横林137-5,0287-35-2250,,,180,36.9401212,139.9601246
那須塩原市,92134,厚崎公民館,あつさきこうみんかん,那須塩原市上厚崎500-1,0287-60-1166,,1,220,36.95122475,140.0333623
那須塩原市,92134,黒磯文化会館,くろいそぶんかかいかん,那須塩原市上厚崎490,0287-63-3219,,,323,36.95201102,140.0324263
那須塩原市,92134,稲村公民館,いなむらこうみんかん,那須塩原市若草町117-1,0287-64-3998,,1,192,36.97601353,140.0312114
那須塩原市,92134,とようら公民館,とようらこうみんかん,那須塩原市東豊浦23-110,0287-60-3122,,1,96,36.96688208,140.0612065
那須塩原市,92134,シニアセンター,しにあせんたー,那須塩原市鍋掛1429-34,0287-73-2210,,,68,36.95377027,140.0723922
那須塩原市,92134,鍋掛公民館,なべかけこうみんかん,那須塩原市鍋掛531,0287-60-1164,,1,105,36.94575253,140.1006762
那須塩原市,92134,東那須野公民館,ひがしなすのこうみんかん,那須塩原市東小屋474-11,0287-67-1163,,1,171,36.9307299,140.0245806
那須塩原市,92134,高林公民館,たかばやしこうみんかん,那須塩原市箭坪347-1,0287-68-0115,,1,203,37.00627185,139.9454286
那須塩原市,92134,塩原公民館,しおばらこうみんかん,那須塩原市中塩原1-2,0287-32-3812,,1,56,36.97766856,139.809486
那須町,94072,高原公民館,こうげんこうみんかん,栃木県那須町大字湯本199-14,0287-72-6901,1,,100,37.09169,140.001201
那須町,94072,旧那須小学校,きゅうなすしょうがっこう,栃木県那須町大字湯本201-1,0287-72-6901,1,,420,37.08936514,140.0047609
那須町,94072,旧室野井小学校,きゅうむろのいしょうがっこう,栃木県那須町大字高久乙3371-3,0287-72-6901,1,,380,37.05334147,139.9911656
那須町,94072,田代友愛小学校,たしろゆうあいしょうがっこう,栃木県那須町大字高久乙196-3,0287-72-6901,1,,400,37.02071712,140.0255306
那須町,94072,那須高原小学校,なすこうげんしょうがっこう,栃木県那須町大字高久丙1482,0287-72-6901,1,,370,37.05774415,140.0387403
那須町,94072,那須中学校,なすちゅうがっこう,栃木県那須町大字高久丙1-1,0287-72-6901,1,,670,37.04714485,140.0239322
那須町,94072,旧大沢小学校,きゅうおおさわしょうがっこう,栃木県那須町大字高久丙2799-6,0287-72-6901,1,,360,37.09687892,140.0674975
那須町,94072,旧朝日小学校,きゅうあさひしょうがっこう,栃木県那須町大字豊原丙1340,0287-72-6901,1,,500,37.058221,140.111378
那須町,94072,学びの森小学校,まなびのもりしょうがっこう,栃木県那須町大字大島18-1,0287-72-6901,1,,430,37.044777,140.08738
那須町,94072,高久小学校,たかくしょうがっこう,栃木県那須町大字高久甲3358-3,0287-72-6901,1,,450,36.99668105,140.0552039
那須町,94072,旧田中小学校,きゅうたなかしょうがっこう,栃木県那須町大字寺子乙1240-1,0287-72-6901,1,,390,37.00020591,140.0958334
那須町,94072,黒田原小学校,くろだはらしょうがっこう,栃木県那須町大字寺子乙3968-1,0287-72-6901,1,,970,37.02017,140.12285
那須町,94072,那須中央中学校,なすちゅうおうちゅうがっこう,栃木県那須町大字寺子丙92,0287-72-6901,1,,"1,000",37.022947,140.112295
那須町,94072,那須高等学校,なすこうとうがっこう,栃木県那須町大字寺子乙3932-48,0287-72-6901,1,,"1,800",37.01254769,140.1273147
那須町,94072,那須町スポーツセンター,なすまちすぽーつせんたー,栃木県那須町大字寺子乙2516-36,0287-72-6901,1,,650,37.01501467,140.1083369
那須町,94072,成沢集落センター,なるさわしゅうらくせんたー,栃木県那須町大字豊原甲3112-1,0287-72-6901,1,,30,37.058548,140.160009
那須町,94072,旧芦野小学校体育館,きゅうあしのしょうがっこうたいいくかん,栃木県那須町大字芦野2160,0287-72-6901,1,,140,36.994174,140.158515
那須町,94072,芦野基幹集落センター,あしのきかんしゅうらくせんたー,栃木県那須町大字芦野1867-1,0287-72-6901,1,,90,36.9927798,140.1603881
那須町,94072,寄居集落センター,よりいしゅうらくせんたー,栃木県那須町大字寄居1032-1,0287-72-6901,1,,30,37.035491,140.172061
那須町,94072,東陽小学校,とうようしょうがっこう,栃木県那須町大字芦野100,0287-72-6901,1,,850,36.9713746,140.1603347
那須町,94072,旧伊王野小学校体育館,きゅういおうのしょうがっこうたいいくかん,栃木県那須町大字伊王野1542,0287-72-6901,1,,100,36.958983,140.159933
那須町,94072,伊王野基幹集落センター,いおうのきかんしゅうらくせんたー,栃木県那須町大字伊王野1440,0287-72-6901,1,,90,36.95867414,140.1641976
那須町,94072,稲沢地区集落センター,いなざわちくしゅうらくせんたー,栃木県那須町大字稲沢978-1,0287-72-6901,1,,37,36.94356069,140.1357696
那須町,94072,稲沢地区体育センター,いなざわちくたいいくせんたー,栃木県那須町大字稲沢978-1,0287-72-6901,1,,90,36.94338062,140.1353727
那須町,94072,旧美野沢小学校,きゅうみのさわしょうがっこう,栃木県那須町大字蓑沢563-4,0287-72-6901,1,,370,36.984176,140.207456
那須町,94072,那須町文化センター,なすまちぶんかせんたー,栃木県那須町大字寺子乙2567-10,0287-72-6901,1,,790,37.01488896,140.1105369
那須町,94072,ゆめ・プラザ那須　（保健センター）,ゆめ・ぷらざなす（ほけんせんたー）,栃木県那須町大字寺子乙2566-1,0287-72-6901,1,1,230,37.01643096,140.1090027
那須町,94072,那須スイミングドーム,なすすいみんぐどーむ,栃木県那須町大字寺子乙2584-6,0287-72-6901,1,,390,37.01706523,140.1131027
那須町,94072,那須高原TOWAピュワコテージ,なすこうげんとうわぴゅあこてーじ,栃木県那須町大字高久乙3375,0287-78-1164,1,,370,37.06569937,139.9667192
野木町,9364,野木町立野木中学校,のぎちょうりつのぎちゅうがっこう,野木町潤島800番地1,0280-57-4112,,,942,36.23176389,139.7562583
野木町,9364,野木町立野木第二中学校,のぎちょうりつのぎだいにちゅうがっこう,野木町野木4048番地,0280-57-4112,,,993,36.22320556,139.7223472
野木町,9364,野木町立友沼小学校,のぎちょうりつともぬましょうがっこう,野木町友沼916番地,0280-57-4112,,,315,36.24020833,139.7413028
野木町,9364,野木町立野木小学校,のぎちょうりつのぎしょうがっこう,野木町野木2450番地1,0280-57-4112,,,260,36.21091111,139.7133278
野木町,9364,野木町立南赤塚小学校,のぎちょうりつみなみあかつかしょうがっこう,野木町中谷508番地,0280-57-4112,,,421,36.21946389,139.7478222
野木町,9364,野木町立佐川野小学校,のぎちょうりつさがわのしょうがっこう,野木町佐川野1808番地,0280-57-4112,,,241,36.22885833,139.7722722
野木町,9364,野木町立新橋小学校,のぎちょうりつしんばししょうがっこう,野木町友沼5110番地2,0280-57-4112,,,675,36.22752778,139.7316083
野木町,9364,野木町公民館・野木町体育センター,のぎまちこうみんかん・のぎまちたいいくせんたー,野木町丸林571番地,0280-57-4112,,,520,36.23111944,139.7441667
野木町,9364,野木町老人福祉センター,のぎまちろうじんふくしせんたー,野木町友沼5840番地7,0280-57-4112,,,89,36.21746111,139.7315972
野木町,9364,野木町文化会館,のぎまちぶんかかいかん,野木町友沼181番地,0280-57-4112,,,143,36.23637888,139.7406669
鹿沼市,9205,西中学校,にしちゅうがっこう,栃木県鹿沼市日吉町527,0289-63-2158,1,,876,36.563304,139.730455
鹿沼市,9205,中央小学校,ちゅうおうしょうがっこう,栃木県鹿沼市今宮町1624,0289-63-2158,1,,779,36.564801,139.744548
鹿沼市,9205,東中学校,ひがしちゅうがっこう,栃木県鹿沼市府中町393,0289-63-2158,1,,1122,36.562787,139.75868
鹿沼市,9205,東小学校,ひがししょうがっこう,栃木県鹿沼市東末広町1082,0289-63-2158,1,,522,36.564308,139.75349
鹿沼市,9205,県立鹿沼高等学校,けんりつかぬまこうとうがっこう,栃木県鹿沼市万町960,0289-63-2158,1,,752,36.557999,139.750242
鹿沼市,9205,市民情報センター,しみんじょうほうせんたー,栃木県鹿沼市文化橋町1982-18,0289-63-2158,1,1,500,36.5697,139.751527
鹿沼市,9205,北小学校,きたしょうがっこう,栃木県鹿沼市泉町2457,0289-63-2158,1,,398,36.573971,139.746356
鹿沼市,9205,県立鹿沼商工高等学校,けんりつかぬましょうこうこうとうがっこう,栃木県鹿沼市花岡町180-1,0289-63-2158,1,,1511,36.556317,139.740616
鹿沼市,9205,東部台コミュニティセンター,とうぶだいこみゅにてぃせんたー,栃木県鹿沼市緑町1-3-36,0289-63-2158,1,1,599,36.557574,139.770523
鹿沼市,9205,菊沢コミュニティセンター,きくさわこみゅにてぃせんたー,栃木県鹿沼市御成橋町2-2197-1,0289-63-2158,1,1,264,36.585376,139.74759
鹿沼市,9205,菊沢東小学校,きくさわひがししょうがっこう,栃木県鹿沼市仁神堂町530,0289-63-2158,1,,634,36.581792,139.767342
鹿沼市,9205,菊沢西小学校,きくさわにししょうがっこう,栃木県鹿沼市見野75,0289-63-2158,1,,488,36.591763,139.732058
鹿沼市,9205,西小学校,にししょうがっこう,栃木県鹿沼市上日向606,0289-63-2158,1,,299,36.569601,139.710564
鹿沼市,9205,北押原小学校,きたおしはらしょうがっこう,栃木県鹿沼市樅山町82,0289-63-2158,1,,494,36.534647,139.748701
鹿沼市,9205,板荷小学校,いたがしょうがっこう,栃木県鹿沼市板荷2775,0289-63-2158,1,,420,36.641361,139.704059
鹿沼市,9205,加園小学校,かぞのしょうがっこう,栃木県鹿沼市加園2800,0289-63-2158,1,,416,36.558294,139.688642
鹿沼市,9205,石川小学校,いしかわしょうがっこう,栃木県鹿沼市上石川1344,0289-63-2158,1,,406,36.525004,139.802832
鹿沼市,9205,津田小学校,つだしょうがっこう,栃木県鹿沼市深津1390,0289-63-2158,1,,488,36.544076,139.815525
鹿沼市,9205,池ノ森小学校,いけのもりしょうがっこう,栃木県鹿沼市池ノ森757-1,0289-63-2158,1,,399,36.499662,139.7884
鹿沼市,9205,さつきが丘小学校,さつきがおかしょうがっこう,栃木県鹿沼市茂呂1086-5,0289-63-2158,1,,542,36.550521,139.778383
鹿沼市,9205,みどりが丘小学校,みどりがおかしょうがっこう,栃木県鹿沼市西茂呂3-7-19,0289-63-2158,1,,466,36.550797,139.769837
鹿沼市,9205,南摩中学校,なんまちゅうがっこう,栃木県鹿沼市西沢町1414,0289-63-2158,1,,325,36.521474,139.702625
鹿沼市,9205,上南摩小学校,かみなんましょうがっこう,栃木県鹿沼市上南摩町732,0289-63-2158,1,,416,36.543554,139.678638
鹿沼市,9205,南押原小学校,みなみおしはらしょうがっこう,栃木県鹿沼市磯町117,0289-63-2158,1,,446,36.49219,139.755072
鹿沼市,9205,楡木小学校,にれぎしょうがっこう,栃木県鹿沼市楡木町70-2,0289-63-2158,1,,407,36.507217,139.753979
鹿沼市,9205,藤江地区コミュニティセンター,ふじえちくこみゅにてぃせんたー,栃木県鹿沼市藤江町833-3,0289-63-2158,1,,60,36.497275,139.767024
鹿沼市,9205,みなみ小学校,みなみしょうがっこう,栃木県鹿沼市南上野503,0289-63-2158,1,,340,36.5184,139.772624
鹿沼市,9205,県立鹿沼南高等学校,けんりつかぬまみなみこうとうがっこう,栃木県鹿沼市みなみ町8-73,0289-63-2158,1,,750,36.521561,139.770905
鹿沼市,9205,粟野中学校,あわのちゅうがっこう,栃木県鹿沼市口粟野1160,0289-63-2158,1,,1090,36.508825,139.660118
鹿沼市,9205,粟野小学校,あわのしょうがっこう,栃木県鹿沼市口粟野802,0289-63-2158,1,,249,36.51763,139.672755
鹿沼市,9205,永野小学校,ながのしょうがっこう,栃木県鹿沼市上永野310,0289-63-2158,1,,281,36.497838,139.600135
鹿沼市,9205,清洲第一小学校,きよすだいいちしょうがっこう,栃木県鹿沼市久野620-1,0289-63-2158,1,,281,36.509742,139.703412
鹿沼市,9205,真名子夢ホール（鹿沼市指定施設）,まなごゆめほーる,栃木県栃木市西方町真名子1086-1,0289-63-2158,1,,101,36.47241,139.701171
鹿沼市,9205,真名子小学校（鹿沼市指定施設）,まなごしょうがっこう,栃木県栃木市西方町真名子1089-1,0289-63-2158,1,,325,36.472463,139.699883
鹿沼市,9205,清洲第二小学校,きよすだいにしょうがっこう,栃木県鹿沼市北半田1515,0289-63-2158,1,,281,36.495461,139.726835
鹿沼市,9205,東大芦コミュニティセンター,ひがしおおあしこみゅにてぃせんたー,栃木県鹿沼市上日向375,0289-63-2158,1,1,110,36.565569,139.715781
鹿沼市,9205,北押原コミュニティセンター,きたおしはらこみゅにてぃせんたー,栃木県鹿沼市樅山町162-2,0289-63-2158,1,1,235,36.537336,139.752495
鹿沼市,9205,板荷コミュニティセンター,いたがこみゅにてぃせんたー,栃木県鹿沼市板荷3051-1,0289-63-2158,1,1,100,36.641349,139.696587
鹿沼市,9205,西大芦コミュニティセンター,にしおおあしこみゅにてぃせんたー,栃木県鹿沼市草久960,0289-63-2158,1,1,90,36.639549,139.605541
鹿沼市,9205,北犬飼コミュニティセンター,きたいぬかいこみゅにてぃせんたー,栃木県鹿沼市上石川1465-4,0289-63-2158,1,1,242,36.53139,139.79288
鹿沼市,9205,南摩コミュニティセンター,なんまこみゅにてぃせんたー,栃木県鹿沼市油田町924-5,0289-63-2158,1,1,260,36.519493,139.716352
鹿沼市,9205,南押原コミュニティセンター,みなみおしはらこみゅにてぃせんたー,栃木県鹿沼市楡木町1080,0289-63-2158,1,1,110,36.505003,139.747066
鹿沼市,9205,粟野コミュニティセンター,あわのこみゅにてぃせんたー,栃木県鹿沼市口粟野1780,0289-63-2158,1,1,203,36.521843,139.66737
鹿沼市,9205,粕尾コミュニティセンター,かすおこみゅにてぃせんたー,栃木県鹿沼市中粕尾273-2,0289-63-2158,1,1,73,36.5203,139.607827
鹿沼市,9205,永野コミュニティセンター,ながのこみゅにてぃせんたー,栃木県鹿沼市上永野770,0289-63-2158,1,1,109,36.502813,139.588385
鹿沼市,9205,清洲コミュニティセンター,きよすこみゅにてぃせんたー,栃木県鹿沼市深程116-1,0289-63-2158,1,1,86,36.496289,139.718588
鹿沼市,9205,旧西大芦小学校,きゅうにしおおあししょうがっこう,栃木県鹿沼市草久960,0289-63-2158,1,,695,36.639491,139.606508
